algo,episode,src,dst,path,hops,total_delay_ms,dropped,reward,avg_utilization,avg_queue_util,total_dropped_data,link0_nodes,link0_delay,link0_bandwidth,link0_load,link0_utilization,link0_queue_size_cur,link0_queue_used_cur,link0_queue_util,link0_dropped_data,link1_nodes,link1_delay,link1_bandwidth,link1_load,link1_utilization,link1_queue_size_cur,link1_queue_used_cur,link1_queue_util,link1_dropped_data,link2_nodes,link2_delay,link2_bandwidth,link2_load,link2_utilization,link2_queue_size_cur,link2_queue_used_cur,link2_queue_util,link2_dropped_data,link3_nodes,link3_delay,link3_bandwidth,link3_load,link3_utilization,link3_queue_size_cur,link3_queue_used_cur,link3_queue_util,link3_dropped_data,link4_nodes,link4_delay,link4_bandwidth,link4_load,link4_utilization,link4_queue_size_cur,link4_queue_used_cur,link4_queue_util,link4_dropped_data,link5_nodes,link5_delay,link5_bandwidth,link5_load,link5_utilization,link5_queue_size_cur,link5_queue_used_cur,link5_queue_util,link5_dropped_data,link6_nodes,link6_delay,link6_bandwidth,link6_load,link6_utilization,link6_queue_size_cur,link6_queue_used_cur,link6_queue_util,link6_dropped_data,link7_nodes,link7_delay,link7_bandwidth,link7_load,link7_utilization,link7_queue_size_cur,link7_queue_used_cur,link7_queue_util,link7_dropped_data
DQN,1,3,4,3→4,1,8.0839,0,,0.0917,0.1390,0.0000,3→4,8.0839,63.0865,0.0000,0.0000,83,0.0000,0.0000,0.0000,,,,,,,,,,,,,,,,,,,,,,,,,,,,,,,,,,,,,,,,,,,,,,,,,,,,,,,,,,,,,,,
DQN,2,6,7,6→7,1,7.3866,0,,0.0510,0.1053,0.0000,6→7,7.3866,32.6037,0.0000,0.0000,34,0.0000,0.0000,0.0000,,,,,,,,,,,,,,,,,,,,,,,,,,,,,,,,,,,,,,,,,,,,,,,,,,,,,,,,,,,,,,,
DQN,3,2,6,2→4→5→7→6,4,17.6631,1,,0.0315,0.0728,31.5586,2→4,8.0706,86.4831,0.0000,0.0000,96,0.0000,0.0000,0.0000,4→5,5.1584,36.6158,0.0000,0.0000,40,0.0000,0.0000,14.9428,5→7,1.8215,58.8486,0.0000,0.0000,20,0.0000,0.0000,16.6158,7→6,2.6126,122.3097,8.8937,0.0727,75,0.0000,0.0000,0.0000,,,,,,,,,,,,,,,,,,,,,,,,,,,,,,,,,,,,
DQN,4,6,4,6→4,1,4.2518,0,,0.0442,0.1278,0.0000,6→4,4.2518,121.2439,0.0000,0.0000,38,0.0000,0.0000,0.0000,,,,,,,,,,,,,,,,,,,,,,,,,,,,,,,,,,,,,,,,,,,,,,,,,,,,,,,,,,,,,,,
DQN,5,0,2,0→2,1,1.6437,0,,0.0592,0.0939,0.0000,0→2,1.6437,23.9239,0.0000,0.0000,33,0.0000,0.0000,0.0000,,,,,,,,,,,,,,,,,,,,,,,,,,,,,,,,,,,,,,,,,,,,,,,,,,,,,,,,,,,,,,,
DQN,6,7,1,7→6→2→0→1,4,29.3731,0,,0.0267,0.0513,0.0000,7→6,6.8398,33.2450,0.0000,0.0000,87,0.0000,0.0000,0.0000,6→2,7.2212,197.5564,0.0000,0.0000,78,0.0000,0.0000,0.0000,2→0,7.8858,88.1184,0.0000,0.0000,89,0.0000,0.0000,0.0000,0→1,7.4262,168.4372,0.0000,0.0000,51,0.0000,0.0000,0.0000,,,,,,,,,,,,,,,,,,,,,,,,,,,,,,,,,,,,
DQN,7,0,2,0→1→2,2,10.5911,1,,0.0345,0.0711,14.4187,0→1,7.6159,129.0331,0.0000,0.0000,25,0.0000,0.0000,1.2169,1→2,2.9752,150.3020,0.0000,0.0000,30,0.0000,0.0000,13.2019,,,,,,,,,,,,,,,,,,,,,,,,,,,,,,,,,,,,,,,,,,,,,,,,,,,,,,
DQN,8,5,1,5→4→1,2,18.7405,0,,0.0273,0.0337,0.0000,5→4,8.7975,38.7539,0.0000,0.0000,29,0.0000,0.0000,0.0000,4→1,9.9429,179.9919,0.0000,0.0000,28,0.0000,0.0000,0.0000,,,,,,,,,,,,,,,,,,,,,,,,,,,,,,,,,,,,,,,,,,,,,,,,,,,,,,
DQN,9,2,0,2→0,1,9.2825,0,,0.0319,0.0488,0.0000,2→0,9.2825,72.0791,0.0000,0.0000,28,0.0000,0.0000,0.0000,,,,,,,,,,,,,,,,,,,,,,,,,,,,,,,,,,,,,,,,,,,,,,,,,,,,,,,,,,,,,,,
DQN,10,2,4,2→4,1,3.6677,0,,0.0656,0.1401,0.0000,2→4,3.6677,167.1417,0.0000,0.0000,62,0.0000,0.0000,0.0000,,,,,,,,,,,,,,,,,,,,,,,,,,,,,,,,,,,,,,,,,,,,,,,,,,,,,,,,,,,,,,,
DQN,11,5,4,5→3→4,2,4.0159,1,,0.0626,0.1116,19.6460,5→3,1.1871,165.9308,0.0000,0.0000,89,0.0000,0.0000,0.0000,3→4,2.8288,128.0675,0.0000,0.0000,37,0.0000,0.0000,19.6460,,,,,,,,,,,,,,,,,,,,,,,,,,,,,,,,,,,,,,,,,,,,,,,,,,,,,,
DQN,12,3,5,3→5,1,9.5414,0,,0.0542,0.0795,0.0000,3→5,9.5414,184.7021,0.0000,0.0000,86,0.0000,0.0000,0.0000,,,,,,,,,,,,,,,,,,,,,,,,,,,,,,,,,,,,,,,,,,,,,,,,,,,,,,,,,,,,,,,
DQN,13,6,2,6→2,1,1.4531,0,,0.0569,0.1157,0.0000,6→2,1.4531,64.5886,0.0000,0.0000,73,0.0000,0.0000,0.0000,,,,,,,,,,,,,,,,,,,,,,,,,,,,,,,,,,,,,,,,,,,,,,,,,,,,,,,,,,,,,,,
DQN,14,5,4,5→3→4,2,2.9994,1,,0.0311,0.0865,76.7709,5→3,1.1925,149.5183,0.0000,0.0000,52,0.0000,0.0000,0.0000,3→4,1.8069,162.2254,0.0000,0.0000,40,0.0000,0.0000,76.7709,,,,,,,,,,,,,,,,,,,,,,,,,,,,,,,,,,,,,,,,,,,,,,,,,,,,,,
DQN,15,4,6,4→5→7→6,3,12.0257,0,,0.0205,0.0599,0.0000,4→5,2.2428,75.9154,0.0000,0.0000,45,0.0000,0.0000,0.0000,5→7,6.0129,125.5614,0.0000,0.0000,21,0.0000,0.0000,0.0000,7→6,3.7701,106.0908,0.0000,0.0000,36,0.0000,0.0000,0.0000,,,,,,,,,,,,,,,,,,,,,,,,,,,,,,,,,,,,,,,,,,,,,
DQN,16,2,1,2→0→1,2,18.0999,0,,0.0513,0.0962,0.0000,2→0,8.5911,97.9839,0.0000,0.0000,59,0.0000,0.0000,0.0000,0→1,9.5087,91.6147,0.0000,0.0000,54,0.0000,0.0000,0.0000,,,,,,,,,,,,,,,,,,,,,,,,,,,,,,,,,,,,,,,,,,,,,,,,,,,,,,
DQN,17,5,6,5→4→6,2,11.2031,0,,0.0407,0.1042,0.0000,5→4,3.3878,135.0016,0.0000,0.0000,27,0.0000,0.0000,0.0000,4→6,7.8153,139.1073,0.0000,0.0000,85,0.0000,0.0000,0.0000,,,,,,,,,,,,,,,,,,,,,,,,,,,,,,,,,,,,,,,,,,,,,,,,,,,,,,
DQN,18,4,2,4→2,1,5.5764,0,,0.0525,0.0979,0.0000,4→2,5.5764,185.4164,0.0000,0.0000,81,0.0000,0.0000,0.0000,,,,,,,,,,,,,,,,,,,,,,,,,,,,,,,,,,,,,,,,,,,,,,,,,,,,,,,,,,,,,,,
DQN,19,7,1,7→6→2→1,3,18.1576,0,,0.0493,0.1058,0.0000,7→6,3.5014,79.9996,0.0000,0.0000,74,0.0000,0.0000,0.0000,6→2,6.8987,67.8407,0.0000,0.0000,81,0.0000,0.0000,0.0000,2→1,7.7574,34.5497,0.0000,0.0000,77,0.0000,0.0000,0.0000,,,,,,,,,,,,,,,,,,,,,,,,,,,,,,,,,,,,,,,,,,,,,
DQN,20,6,3,6→4→5→3,3,13.0978,0,,0.0317,0.0519,0.0000,6→4,1.0983,67.9481,0.0000,0.0000,49,0.0000,0.0000,0.0000,4→5,9.0427,121.3482,0.0000,0.0000,38,0.0000,0.0000,0.0000,5→3,2.9568,157.9604,0.0000,0.0000,98,0.0000,0.0000,0.0000,,,,,,,,,,,,,,,,,,,,,,,,,,,,,,,,,,,,,,,,,,,,,
DQN,21,3,5,3→5,1,5.7984,0,,0.0349,0.0714,0.0000,3→5,5.7984,129.3129,0.0000,0.0000,81,0.0000,0.0000,0.0000,,,,,,,,,,,,,,,,,,,,,,,,,,,,,,,,,,,,,,,,,,,,,,,,,,,,,,,,,,,,,,,
DQN,22,3,7,3→5→7,2,11.2654,0,,0.0487,0.0656,0.0000,3→5,2.2549,90.5161,0.0000,0.0000,76,0.0000,0.0000,0.0000,5→7,9.0105,173.7597,0.0000,0.0000,51,0.0000,0.0000,0.0000,,,,,,,,,,,,,,,,,,,,,,,,,,,,,,,,,,,,,,,,,,,,,,,,,,,,,,
DQN,23,5,6,5→7→6,2,12.1354,0,,0.0574,0.1084,0.0000,5→7,2.2683,156.1282,0.0000,0.0000,50,0.0000,0.0000,0.0000,7→6,9.8671,114.9194,0.0000,0.0000,26,0.0000,0.0000,0.0000,,,,,,,,,,,,,,,,,,,,,,,,,,,,,,,,,,,,,,,,,,,,,,,,,,,,,,
DQN,24,2,0,2→1→0,2,12.6623,0,,0.0327,0.0550,0.0000,2→1,3.9685,78.9807,0.0000,0.0000,59,0.0000,0.0000,0.0000,1→0,8.6939,114.1167,0.0000,0.0000,71,0.0000,0.0000,0.0000,,,,,,,,,,,,,,,,,,,,,,,,,,,,,,,,,,,,,,,,,,,,,,,,,,,,,,
DQN,25,1,3,1→3,1,2.6590,0,,0.0649,0.0903,0.0000,1→3,2.6590,22.6811,0.0000,0.0000,66,0.0000,0.0000,0.0000,,,,,,,,,,,,,,,,,,,,,,,,,,,,,,,,,,,,,,,,,,,,,,,,,,,,,,,,,,,,,,,
DQN,26,5,1,5→4→1,2,7.9000,0,,0.0321,0.0894,0.0000,5→4,1.1474,55.8161,0.0000,0.0000,93,0.0000,0.0000,0.0000,4→1,6.7526,177.2824,0.0000,0.0000,34,0.0000,0.0000,0.0000,,,,,,,,,,,,,,,,,,,,,,,,,,,,,,,,,,,,,,,,,,,,,,,,,,,,,,
DQN,27,5,2,5→4→2,2,7.1808,0,,0.0315,0.1074,0.0000,5→4,3.8224,37.4288,0.0000,0.0000,92,0.0000,0.0000,0.0000,4→2,3.3584,196.2569,0.0000,0.0000,77,0.0000,0.0000,0.0000,,,,,,,,,,,,,,,,,,,,,,,,,,,,,,,,,,,,,,,,,,,,,,,,,,,,,,
DQN,28,2,5,2→6→4→5,3,15.1866,1,,0.0413,0.0605,2.7977,2→6,1.6819,153.9975,0.0000,0.0000,88,0.0000,0.0000,0.0000,6→4,5.3682,52.9246,0.0000,0.0000,33,0.0000,0.0000,0.0000,4→5,8.1366,82.7834,0.0000,0.0000,22,0.0000,0.0000,2.7977,,,,,,,,,,,,,,,,,,,,,,,,,,,,,,,,,,,,,,,,,,,,,
DQN,29,4,5,4→5,1,8.6608,0,,0.0529,0.1085,0.0000,4→5,8.6608,89.2071,0.0000,0.0000,94,0.0000,0.0000,0.0000,,,,,,,,,,,,,,,,,,,,,,,,,,,,,,,,,,,,,,,,,,,,,,,,,,,,,,,,,,,,,,,
DQN,30,2,5,2→4→5,2,3.9012,0,,0.0548,0.1585,0.0000,2→4,2.1374,192.5304,0.0000,0.0000,70,0.0000,0.0000,0.0000,4→5,1.7638,137.3784,0.0000,0.0000,94,0.0000,0.0000,0.0000,,,,,,,,,,,,,,,,,,,,,,,,,,,,,,,,,,,,,,,,,,,,,,,,,,,,,,
DQN,31,7,4,7→5→3→4,3,8.9140,0,,0.0402,0.0579,0.0000,7→5,3.4592,187.6403,0.0000,0.0000,70,0.0000,0.0000,0.0000,5→3,1.8339,45.3882,0.0000,0.0000,93,0.0000,0.0000,0.0000,3→4,3.6209,124.6668,0.0000,0.0000,92,0.0000,0.0000,0.0000,,,,,,,,,,,,,,,,,,,,,,,,,,,,,,,,,,,,,,,,,,,,,
DQN,32,2,0,2→0,1,9.3495,0,,0.0491,0.1077,0.0000,2→0,9.3495,64.1948,0.0000,0.0000,35,0.0000,0.0000,0.0000,,,,,,,,,,,,,,,,,,,,,,,,,,,,,,,,,,,,,,,,,,,,,,,,,,,,,,,,,,,,,,,
DQN,33,1,5,1→3→5,2,10.1354,0,,0.0560,0.1006,0.0000,1→3,6.8739,147.0611,0.0000,0.0000,69,0.0000,0.0000,0.0000,3→5,3.2614,150.3728,0.0000,0.0000,72,0.0000,0.0000,0.0000,,,,,,,,,,,,,,,,,,,,,,,,,,,,,,,,,,,,,,,,,,,,,,,,,,,,,,
DQN,34,0,3,0→2→4→3,3,14.9411,0,,0.0378,0.1216,0.0000,0→2,4.6454,105.3077,0.0000,0.0000,55,0.0000,0.0000,0.0000,2→4,3.8768,154.5135,0.0000,0.0000,75,0.0000,0.0000,0.0000,4→3,6.4189,97.2469,0.0000,0.0000,25,0.0000,0.0000,0.0000,,,,,,,,,,,,,,,,,,,,,,,,,,,,,,,,,,,,,,,,,,,,,
DQN,35,1,4,1→3→4,2,3.5859,1,,0.0426,0.1059,18.1618,1→3,1.4202,155.6649,0.0000,0.0000,96,0.0000,0.0000,0.0000,3→4,2.1657,137.6596,0.0000,0.0000,42,0.0000,0.0000,18.1618,,,,,,,,,,,,,,,,,,,,,,,,,,,,,,,,,,,,,,,,,,,,,,,,,,,,,,
DQN,36,4,2,4→2,1,7.3656,0,,0.0567,0.1145,0.0000,4→2,7.3656,27.2070,0.0000,0.0000,21,0.0000,0.0000,0.0000,,,,,,,,,,,,,,,,,,,,,,,,,,,,,,,,,,,,,,,,,,,,,,,,,,,,,,,,,,,,,,,
DQN,37,3,2,3→1→2,2,13.3107,0,,0.0704,0.1433,0.0000,3→1,8.5243,73.2703,0.0000,0.0000,68,0.0000,0.0000,0.0000,1→2,4.7864,168.8287,0.0000,0.0000,64,0.0000,0.0000,0.0000,,,,,,,,,,,,,,,,,,,,,,,,,,,,,,,,,,,,,,,,,,,,,,,,,,,,,,
DQN,38,7,4,7→5→3→4,3,19.8078,1,,0.0894,0.1170,7.6787,7→5,4.9932,181.9657,0.0000,0.0000,92,0.0000,0.0000,0.0000,5→3,7.2671,30.8630,30.8630,1.0000,95,7.0670,0.0744,7.6787,3→4,7.5475,122.2191,30.8630,0.2525,99,0.0000,0.0000,0.0000,,,,,,,,,,,,,,,,,,,,,,,,,,,,,,,,,,,,,,,,,,,,,
DQN,39,4,0,4→1→0,2,10.7278,0,,0.0559,0.0943,0.0000,4→1,7.6815,25.4014,0.0000,0.0000,60,0.0000,0.0000,0.0000,1→0,3.0462,161.4484,0.0000,0.0000,97,0.0000,0.0000,0.0000,,,,,,,,,,,,,,,,,,,,,,,,,,,,,,,,,,,,,,,,,,,,,,,,,,,,,,
DQN,40,2,1,2→0→1,2,11.5997,0,,0.0393,0.0424,0.0000,2→0,2.4838,75.4248,0.0000,0.0000,40,0.0000,0.0000,0.0000,0→1,9.1159,193.1583,0.0000,0.0000,34,0.0000,0.0000,0.0000,,,,,,,,,,,,,,,,,,,,,,,,,,,,,,,,,,,,,,,,,,,,,,,,,,,,,,
DQN,41,7,2,7→6→2,2,11.6686,0,,0.0367,0.0726,0.0000,7→6,8.3199,107.3673,0.0000,0.0000,99,0.0000,0.0000,0.0000,6→2,3.3488,178.8783,0.0000,0.0000,45,0.0000,0.0000,0.0000,,,,,,,,,,,,,,,,,,,,,,,,,,,,,,,,,,,,,,,,,,,,,,,,,,,,,,
DQN,42,7,1,7→6→2→1,3,21.0100,0,,0.0348,0.1016,0.0000,7→6,1.4577,114.5348,0.0000,0.0000,34,0.0000,0.0000,0.0000,6→2,9.9735,176.7697,0.0000,0.0000,89,0.0000,0.0000,0.0000,2→1,9.5787,196.4762,0.0000,0.0000,80,0.0000,0.0000,0.0000,,,,,,,,,,,,,,,,,,,,,,,,,,,,,,,,,,,,,,,,,,,,,
DQN,43,5,2,5→4→1→2,3,22.0320,1,,0.0194,0.0169,21.0222,5→4,3.2042,51.7967,0.0000,0.0000,29,0.0000,0.0000,0.0000,4→1,9.3891,112.6436,0.0000,0.0000,35,0.0000,0.0000,0.3025,1→2,9.4387,86.8215,0.0000,0.0000,46,0.0000,0.0000,20.7197,,,,,,,,,,,,,,,,,,,,,,,,,,,,,,,,,,,,,,,,,,,,,
DQN,44,7,5,7→5,1,1.4890,0,,0.0814,0.1324,0.0000,7→5,1.4890,157.3509,0.0000,0.0000,63,0.0000,0.0000,0.0000,,,,,,,,,,,,,,,,,,,,,,,,,,,,,,,,,,,,,,,,,,,,,,,,,,,,,,,,,,,,,,,
DQN,45,7,1,7→6→2→1,3,13.8317,0,,0.0308,0.0655,0.0000,7→6,8.2455,172.1507,0.0000,0.0000,70,0.0000,0.0000,0.0000,6→2,1.1883,174.6505,0.0000,0.0000,30,0.0000,0.0000,0.0000,2→1,4.3978,169.2217,0.0000,0.0000,39,0.0000,0.0000,0.0000,,,,,,,,,,,,,,,,,,,,,,,,,,,,,,,,,,,,,,,,,,,,,
DQN,46,0,5,0→1→4→5,3,13.2844,1,,0.0333,0.0918,6.8871,0→1,7.5321,98.8055,0.0000,0.0000,73,0.0000,0.0000,0.0000,1→4,2.9456,169.3786,0.0000,0.0000,45,0.0000,0.0000,6.8871,4→5,2.8068,73.3458,0.0000,0.0000,67,0.0000,0.0000,0.0000,,,,,,,,,,,,,,,,,,,,,,,,,,,,,,,,,,,,,,,,,,,,,
DQN,47,4,2,4→1→2,2,17.9424,0,,0.0683,0.1191,0.0000,4→1,8.6147,193.2025,0.0000,0.0000,74,0.0000,0.0000,0.0000,1→2,9.3276,25.0350,4.3699,0.1746,99,0.0000,0.0000,0.0000,,,,,,,,,,,,,,,,,,,,,,,,,,,,,,,,,,,,,,,,,,,,,,,,,,,,,,
DQN,48,6,5,6→4→5,2,10.9708,0,,0.0184,0.0114,0.0000,6→4,7.6976,115.5825,0.0000,0.0000,51,0.0000,0.0000,0.0000,4→5,3.2731,41.4797,0.0000,0.0000,25,0.0000,0.0000,0.0000,,,,,,,,,,,,,,,,,,,,,,,,,,,,,,,,,,,,,,,,,,,,,,,,,,,,,,
DQN,49,5,4,5→4,1,1.5098,0,,0.0532,0.0730,0.0000,5→4,1.5098,140.7700,0.0000,0.0000,62,0.0000,0.0000,0.0000,,,,,,,,,,,,,,,,,,,,,,,,,,,,,,,,,,,,,,,,,,,,,,,,,,,,,,,,,,,,,,,
DQN,50,4,5,4→5,1,5.8511,0,,0.0440,0.1136,0.0000,4→5,5.8511,34.2842,0.0000,0.0000,29,0.0000,0.0000,0.0000,,,,,,,,,,,,,,,,,,,,,,,,,,,,,,,,,,,,,,,,,,,,,,,,,,,,,,,,,,,,,,,
DQN,51,3,7,3→5→7,2,16.4411,0,,0.0582,0.0970,0.0000,3→5,7.8856,77.9893,0.0000,0.0000,98,0.0000,0.0000,0.0000,5→7,8.5555,41.0068,0.0000,0.0000,52,0.0000,0.0000,0.0000,,,,,,,,,,,,,,,,,,,,,,,,,,,,,,,,,,,,,,,,,,,,,,,,,,,,,,
DQN,52,1,6,1→2→6,2,5.6062,1,,0.0402,0.0705,54.6750,1→2,3.4852,121.4961,0.0000,0.0000,51,0.0000,0.0000,0.0000,2→6,2.1210,101.6814,0.0000,0.0000,29,0.0000,0.0000,54.6750,,,,,,,,,,,,,,,,,,,,,,,,,,,,,,,,,,,,,,,,,,,,,,,,,,,,,,
DQN,53,7,6,7→5→4→6,3,13.7170,0,,0.0388,0.0717,0.0000,7→5,4.7976,24.7143,0.0000,0.0000,92,0.0000,0.0000,0.0000,5→4,5.7973,68.6531,0.0000,0.0000,50,0.0000,0.0000,0.0000,4→6,3.1222,130.9835,0.0000,0.0000,99,0.0000,0.0000,0.0000,,,,,,,,,,,,,,,,,,,,,,,,,,,,,,,,,,,,,,,,,,,,,
DQN,54,6,1,6→2→0→1,3,21.2687,0,,0.0551,0.0809,0.0000,6→2,9.8580,24.9927,0.0000,0.0000,33,0.0000,0.0000,0.0000,2→0,6.0160,168.1283,0.0000,0.0000,23,0.0000,0.0000,0.0000,0→1,5.3946,87.9640,0.0000,0.0000,60,0.0000,0.0000,0.0000,,,,,,,,,,,,,,,,,,,,,,,,,,,,,,,,,,,,,,,,,,,,,
DQN,55,1,3,1→3,1,1.6717,0,,0.0583,0.1243,0.0000,1→3,1.6717,81.9749,0.0000,0.0000,39,0.0000,0.0000,0.0000,,,,,,,,,,,,,,,,,,,,,,,,,,,,,,,,,,,,,,,,,,,,,,,,,,,,,,,,,,,,,,,
DQN,56,2,6,2→6,1,7.9201,0,,0.0418,0.0521,0.0000,2→6,7.9201,165.0196,0.0000,0.0000,90,0.0000,0.0000,0.0000,,,,,,,,,,,,,,,,,,,,,,,,,,,,,,,,,,,,,,,,,,,,,,,,,,,,,,,,,,,,,,,
DQN,57,2,6,2→4→6,2,10.7300,0,,0.0728,0.1542,0.0000,2→4,3.0450,79.1942,0.0000,0.0000,44,0.0000,0.0000,0.0000,4→6,7.6850,20.9341,5.4971,0.2626,62,0.0000,0.0000,0.0000,,,,,,,,,,,,,,,,,,,,,,,,,,,,,,,,,,,,,,,,,,,,,,,,,,,,,,
DQN,58,2,4,2→4,1,8.2734,0,,0.0481,0.0798,0.0000,2→4,8.2734,23.3471,0.0000,0.0000,41,0.0000,0.0000,0.0000,,,,,,,,,,,,,,,,,,,,,,,,,,,,,,,,,,,,,,,,,,,,,,,,,,,,,,,,,,,,,,,
DQN,59,6,4,6→4,1,3.8096,0,,0.0417,0.1149,0.0000,6→4,3.8096,95.4764,0.0000,0.0000,21,0.0000,0.0000,0.0000,,,,,,,,,,,,,,,,,,,,,,,,,,,,,,,,,,,,,,,,,,,,,,,,,,,,,,,,,,,,,,,
DQN,60,4,1,4→2→1,2,9.2564,0,,0.0640,0.1272,0.0000,4→2,7.3082,62.3802,0.0000,0.0000,72,0.0000,0.0000,0.0000,2→1,1.9481,135.8894,0.0000,0.0000,78,0.0000,0.0000,0.0000,,,,,,,,,,,,,,,,,,,,,,,,,,,,,,,,,,,,,,,,,,,,,,,,,,,,,,
DQN,61,5,4,5→4,1,3.8728,0,,0.0290,0.0490,0.0000,5→4,3.8728,76.7429,0.0000,0.0000,35,0.0000,0.0000,0.0000,,,,,,,,,,,,,,,,,,,,,,,,,,,,,,,,,,,,,,,,,,,,,,,,,,,,,,,,,,,,,,,
DQN,62,7,2,7→5→4→2,3,18.8045,1,,0.0553,0.1140,6.6902,7→5,7.4748,35.5454,0.0000,0.0000,99,0.0000,0.0000,0.0000,5→4,8.0149,138.9797,0.0000,0.0000,56,0.0000,0.0000,0.0000,4→2,3.3148,87.5086,0.0000,0.0000,57,0.0000,0.0000,6.6902,,,,,,,,,,,,,,,,,,,,,,,,,,,,,,,,,,,,,,,,,,,,,
DQN,63,3,1,3→1,1,7.5446,0,,0.0441,0.1214,0.0000,3→1,7.5446,152.8176,0.0000,0.0000,31,0.0000,0.0000,0.0000,,,,,,,,,,,,,,,,,,,,,,,,,,,,,,,,,,,,,,,,,,,,,,,,,,,,,,,,,,,,,,,
DQN,64,2,3,2→4→3,2,6.2691,0,,0.0470,0.0968,0.0000,2→4,2.9419,142.9649,0.0000,0.0000,72,0.0000,0.0000,0.0000,4→3,3.3272,191.8444,0.0000,0.0000,84,0.0000,0.0000,0.0000,,,,,,,,,,,,,,,,,,,,,,,,,,,,,,,,,,,,,,,,,,,,,,,,,,,,,,
DQN,65,5,6,5→4→6,2,15.5458,0,,0.0619,0.1550,0.0000,5→4,8.9890,170.0643,0.0000,0.0000,46,0.0000,0.0000,0.0000,4→6,6.5569,115.7375,0.0000,0.0000,82,0.0000,0.0000,0.0000,,,,,,,,,,,,,,,,,,,,,,,,,,,,,,,,,,,,,,,,,,,,,,,,,,,,,,
DQN,66,5,2,5→3→1→2,3,12.1283,1,,0.0430,0.0861,58.1643,5→3,3.0779,177.6473,0.0000,0.0000,36,0.0000,0.0000,1.5699,3→1,3.2223,72.1463,0.0000,0.0000,55,0.0000,0.0000,28.0822,1→2,5.8281,143.6196,0.0000,0.0000,41,0.0000,0.0000,28.5123,,,,,,,,,,,,,,,,,,,,,,,,,,,,,,,,,,,,,,,,,,,,,
DQN,67,0,2,0→1→2,2,2.7097,0,,0.0621,0.1401,0.0000,0→1,1.4030,162.3078,0.0000,0.0000,47,0.0000,0.0000,0.0000,1→2,1.3067,83.4513,0.0000,0.0000,62,0.0000,0.0000,0.0000,,,,,,,,,,,,,,,,,,,,,,,,,,,,,,,,,,,,,,,,,,,,,,,,,,,,,,
DQN,68,5,0,5→4→1→0,3,12.2891,0,,0.0380,0.0783,0.0000,5→4,3.9762,56.3233,0.0000,0.0000,26,0.0000,0.0000,0.0000,4→1,6.3299,111.6568,0.0000,0.0000,75,0.0000,0.0000,0.0000,1→0,1.9830,67.9819,0.0000,0.0000,67,0.0000,0.0000,0.0000,,,,,,,,,,,,,,,,,,,,,,,,,,,,,,,,,,,,,,,,,,,,,
DQN,69,0,4,0→2→4,2,14.5133,0,,0.0421,0.0913,0.0000,0→2,7.8928,66.2127,0.0000,0.0000,83,0.0000,0.0000,0.0000,2→4,6.6206,178.5225,0.0000,0.0000,89,0.0000,0.0000,0.0000,,,,,,,,,,,,,,,,,,,,,,,,,,,,,,,,,,,,,,,,,,,,,,,,,,,,,,
DQN,70,2,3,2→4→3,2,12.3776,0,,0.0654,0.1250,0.0000,2→4,6.2066,128.0797,0.0000,0.0000,99,0.0000,0.0000,0.0000,4→3,6.1710,55.4768,0.0000,0.0000,91,0.0000,0.0000,0.0000,,,,,,,,,,,,,,,,,,,,,,,,,,,,,,,,,,,,,,,,,,,,,,,,,,,,,,
DQN,71,0,3,0→2→4→3,3,17.5068,0,,0.0420,0.0542,0.0000,0→2,4.9342,67.6923,0.0000,0.0000,97,0.0000,0.0000,0.0000,2→4,5.7687,139.8458,0.0000,0.0000,53,0.0000,0.0000,0.0000,4→3,6.8038,184.4576,0.0000,0.0000,61,0.0000,0.0000,0.0000,,,,,,,,,,,,,,,,,,,,,,,,,,,,,,,,,,,,,,,,,,,,,
DQN,72,5,0,5→4→1→0,3,17.5974,1,,0.0548,0.0805,3.2748,5→4,8.1658,67.1755,0.0000,0.0000,55,0.0000,0.0000,0.0000,4→1,1.9243,24.8457,0.0000,0.0000,45,0.0000,0.0000,0.0000,1→0,7.5073,106.4717,0.0000,0.0000,38,0.0000,0.0000,3.2748,,,,,,,,,,,,,,,,,,,,,,,,,,,,,,,,,,,,,,,,,,,,,
DQN,73,2,0,2→0,1,8.6326,0,,0.0664,0.1401,0.0000,2→0,8.6326,64.6857,0.0000,0.0000,55,0.0000,0.0000,0.0000,,,,,,,,,,,,,,,,,,,,,,,,,,,,,,,,,,,,,,,,,,,,,,,,,,,,,,,,,,,,,,,
DQN,74,1,3,1→3,1,4.8052,0,,0.0680,0.1617,0.0000,1→3,4.8052,177.6629,0.0000,0.0000,49,0.0000,0.0000,0.0000,,,,,,,,,,,,,,,,,,,,,,,,,,,,,,,,,,,,,,,,,,,,,,,,,,,,,,,,,,,,,,,
DQN,75,5,0,5→4→1→0,3,19.1734,1,,0.0346,0.0813,4.7454,5→4,6.5990,180.8294,0.0000,0.0000,79,0.0000,0.0000,0.0000,4→1,3.1824,62.7454,0.0000,0.0000,74,0.0000,0.0000,0.0000,1→0,9.3920,148.3062,19.3851,0.1307,58,0.0000,0.0000,4.7454,,,,,,,,,,,,,,,,,,,,,,,,,,,,,,,,,,,,,,,,,,,,,
DQN,76,7,0,7→6→2→0,3,18.7349,0,,0.0452,0.1403,0.0000,7→6,8.8454,72.0746,0.0000,0.0000,95,0.0000,0.0000,0.0000,6→2,3.6037,80.5846,0.0000,0.0000,41,0.0000,0.0000,0.0000,2→0,6.2858,137.1588,0.0000,0.0000,35,0.0000,0.0000,0.0000,,,,,,,,,,,,,,,,,,,,,,,,,,,,,,,,,,,,,,,,,,,,,
DQN,77,7,0,7→6→2→1→0,4,22.4117,1,,0.0252,0.0495,31.0248,7→6,5.5249,114.4288,0.0000,0.0000,62,0.0000,0.0000,0.0000,6→2,9.0016,92.7550,0.0000,0.0000,98,0.0000,0.0000,0.0000,2→1,1.7951,91.9201,0.0000,0.0000,28,0.0000,0.0000,31.0248,1→0,6.0901,64.0088,0.0000,0.0000,38,0.0000,0.0000,0.0000,,,,,,,,,,,,,,,,,,,,,,,,,,,,,,,,,,,,
DQN,78,1,0,1→0,1,6.5122,0,,0.0789,0.2242,0.0000,1→0,6.5122,23.1204,0.0000,0.0000,49,0.0000,0.0000,0.0000,,,,,,,,,,,,,,,,,,,,,,,,,,,,,,,,,,,,,,,,,,,,,,,,,,,,,,,,,,,,,,,
DQN,79,4,5,4→5,1,9.5675,0,,0.0712,0.1067,0.0000,4→5,9.5675,156.8450,0.0000,0.0000,36,0.0000,0.0000,0.0000,,,,,,,,,,,,,,,,,,,,,,,,,,,,,,,,,,,,,,,,,,,,,,,,,,,,,,,,,,,,,,,
DQN,80,3,0,3→1→0,2,13.6370,1,,0.0533,0.0933,32.7434,3→1,7.1886,159.3789,0.0000,0.0000,38,0.0000,0.0000,13.8023,1→0,6.4484,166.9640,0.0000,0.0000,95,0.0000,0.0000,18.9411,,,,,,,,,,,,,,,,,,,,,,,,,,,,,,,,,,,,,,,,,,,,,,,,,,,,,,
DQN,81,0,2,0→2,1,1.8750,0,,0.0426,0.1208,0.0000,0→2,1.8750,31.0489,0.0000,0.0000,92,0.0000,0.0000,0.0000,,,,,,,,,,,,,,,,,,,,,,,,,,,,,,,,,,,,,,,,,,,,,,,,,,,,,,,,,,,,,,,
DQN,82,5,1,5→4→1,2,11.0997,0,,0.0595,0.1130,0.0000,5→4,6.5462,124.0771,0.0000,0.0000,61,0.0000,0.0000,0.0000,4→1,4.5535,50.4385,0.0000,0.0000,77,0.0000,0.0000,0.0000,,,,,,,,,,,,,,,,,,,,,,,,,,,,,,,,,,,,,,,,,,,,,,,,,,,,,,
DQN,83,3,4,3→4,1,2.4480,1,,0.0663,0.1512,10.0000,3→4,2.4480,171.7741,0.0000,0.0000,43,0.0000,0.0000,10.0000,,,,,,,,,,,,,,,,,,,,,,,,,,,,,,,,,,,,,,,,,,,,,,,,,,,,,,,,,,,,,,,
DQN,84,6,4,6→4,1,7.2173,0,,0.0818,0.2075,0.0000,6→4,7.2173,157.6021,0.0000,0.0000,76,0.0000,0.0000,0.0000,,,,,,,,,,,,,,,,,,,,,,,,,,,,,,,,,,,,,,,,,,,,,,,,,,,,,,,,,,,,,,,
DQN,85,4,3,4→3,1,3.9453,1,,0.0450,0.1052,10.8394,4→3,3.9453,186.5918,0.0000,0.0000,35,0.0000,0.0000,10.8394,,,,,,,,,,,,,,,,,,,,,,,,,,,,,,,,,,,,,,,,,,,,,,,,,,,,,,,,,,,,,,,
DQN,86,3,2,3→4→2,2,13.1672,0,,0.0417,0.0773,0.0000,3→4,3.4342,180.0018,0.0000,0.0000,72,0.0000,0.0000,0.0000,4→2,9.7330,168.1474,0.0000,0.0000,64,0.0000,0.0000,0.0000,,,,,,,,,,,,,,,,,,,,,,,,,,,,,,,,,,,,,,,,,,,,,,,,,,,,,,
DQN,87,1,0,1→0,1,7.3514,0,,0.0487,0.1139,0.0000,1→0,7.3514,77.5846,0.0000,0.0000,94,0.0000,0.0000,0.0000,,,,,,,,,,,,,,,,,,,,,,,,,,,,,,,,,,,,,,,,,,,,,,,,,,,,,,,,,,,,,,,
DQN,88,7,1,7→6→2→1,3,17.3859,1,,0.0425,0.1033,40.9618,7→6,3.8575,30.2744,0.0000,0.0000,46,0.0000,0.0000,0.0000,6→2,4.4662,75.0904,0.0000,0.0000,76,0.0000,0.0000,0.0000,2→1,9.0623,146.9002,0.0000,0.0000,21,0.0000,0.0000,40.9618,,,,,,,,,,,,,,,,,,,,,,,,,,,,,,,,,,,,,,,,,,,,,
DQN,89,3,0,3→1→2→0,3,18.7352,0,,0.0346,0.0727,0.0000,3→1,8.8365,126.5000,0.0000,0.0000,42,0.0000,0.0000,0.0000,1→2,3.2225,115.6814,0.0000,0.0000,97,0.0000,0.0000,0.0000,2→0,6.6762,91.6091,0.0000,0.0000,21,0.0000,0.0000,0.0000,,,,,,,,,,,,,,,,,,,,,,,,,,,,,,,,,,,,,,,,,,,,,
DQN,90,3,0,3→1→0,2,18.0003,0,,0.0371,0.0692,0.0000,3→1,9.7350,64.7137,0.0000,0.0000,27,0.0000,0.0000,0.0000,1→0,8.2652,98.7647,0.0000,0.0000,88,0.0000,0.0000,0.0000,,,,,,,,,,,,,,,,,,,,,,,,,,,,,,,,,,,,,,,,,,,,,,,,,,,,,,
DQN,91,6,4,6→7→5→4,3,21.3878,0,,0.0340,0.0610,0.0000,6→7,8.3234,133.3776,0.0000,0.0000,77,0.0000,0.0000,0.0000,7→5,8.6890,185.9952,0.0000,0.0000,25,0.0000,0.0000,0.0000,5→4,4.3755,193.6256,0.0000,0.0000,59,0.0000,0.0000,0.0000,,,,,,,,,,,,,,,,,,,,,,,,,,,,,,,,,,,,,,,,,,,,,
DQN,92,1,2,1→2,1,5.8057,0,,0.0490,0.1055,0.0000,1→2,5.8057,108.5836,0.0000,0.0000,63,0.0000,0.0000,0.0000,,,,,,,,,,,,,,,,,,,,,,,,,,,,,,,,,,,,,,,,,,,,,,,,,,,,,,,,,,,,,,,
DQN,93,6,1,6→2→1,2,4.1277,0,,0.0715,0.1171,0.0000,6→2,1.9238,107.2177,0.0000,0.0000,51,0.0000,0.0000,0.0000,2→1,2.2039,69.9478,0.0000,0.0000,36,0.0000,0.0000,0.0000,,,,,,,,,,,,,,,,,,,,,,,,,,,,,,,,,,,,,,,,,,,,,,,,,,,,,,
DQN,94,3,1,3→1,1,8.3244,0,,0.0531,0.0996,0.0000,3→1,8.3244,47.5723,0.0000,0.0000,62,0.0000,0.0000,0.0000,,,,,,,,,,,,,,,,,,,,,,,,,,,,,,,,,,,,,,,,,,,,,,,,,,,,,,,,,,,,,,,
DQN,95,2,4,2→4,1,9.3501,0,,0.0946,0.1869,0.0000,2→4,9.3501,186.9987,0.0000,0.0000,68,0.0000,0.0000,0.0000,,,,,,,,,,,,,,,,,,,,,,,,,,,,,,,,,,,,,,,,,,,,,,,,,,,,,,,,,,,,,,,
DQN,96,7,1,7→6→2→0→1,4,16.6435,0,,0.0306,0.0413,0.0000,7→6,4.3467,133.3723,0.0000,0.0000,73,0.0000,0.0000,0.0000,6→2,2.0005,116.3958,0.0000,0.0000,39,0.0000,0.0000,0.0000,2→0,5.6383,169.2630,0.0000,0.0000,90,0.0000,0.0000,0.0000,0→1,4.6580,168.4763,0.0000,0.0000,66,0.0000,0.0000,0.0000,,,,,,,,,,,,,,,,,,,,,,,,,,,,,,,,,,,,
DQN,97,2,4,2→4,1,8.8575,0,,0.0594,0.1065,0.0000,2→4,8.8575,28.8232,0.0000,0.0000,20,0.0000,0.0000,0.0000,,,,,,,,,,,,,,,,,,,,,,,,,,,,,,,,,,,,,,,,,,,,,,,,,,,,,,,,,,,,,,,
DQN,98,5,3,5→3,1,3.4140,0,,0.0852,0.1348,0.0000,5→3,3.4140,178.3170,0.0000,0.0000,82,0.0000,0.0000,0.0000,,,,,,,,,,,,,,,,,,,,,,,,,,,,,,,,,,,,,,,,,,,,,,,,,,,,,,,,,,,,,,,
DQN,99,1,0,1→0,1,7.0437,0,,0.0299,0.0990,0.0000,1→0,7.0437,86.8556,0.0000,0.0000,27,0.0000,0.0000,0.0000,,,,,,,,,,,,,,,,,,,,,,,,,,,,,,,,,,,,,,,,,,,,,,,,,,,,,,,,,,,,,,,
DQN,100,0,6,0→2→6,2,6.6626,1,,0.0349,0.0969,50.8150,0→2,2.9096,152.4639,0.0000,0.0000,31,0.0000,0.0000,12.0000,2→6,3.7530,117.4881,0.0000,0.0000,66,0.0000,0.0000,38.8150,,,,,,,,,,,,,,,,,,,,,,,,,,,,,,,,,,,,,,,,,,,,,,,,,,,,,,
DQN,101,2,3,2→4→3,2,11.1318,0,,0.0219,0.0588,0.0000,2→4,9.7799,101.3488,0.0000,0.0000,45,0.0000,0.0000,0.0000,4→3,1.3520,23.3512,0.0000,0.0000,30,0.0000,0.0000,0.0000,,,,,,,,,,,,,,,,,,,,,,,,,,,,,,,,,,,,,,,,,,,,,,,,,,,,,,
DQN,102,7,3,7→5→3,2,10.2487,1,,0.0168,0.0314,59.0858,7→5,3.1648,196.0561,0.0000,0.0000,98,0.0000,0.0000,0.0000,5→3,7.0839,176.7729,0.0000,0.0000,22,0.0000,0.0000,59.0858,,,,,,,,,,,,,,,,,,,,,,,,,,,,,,,,,,,,,,,,,,,,,,,,,,,,,,
DQN,103,1,2,1→2,1,6.1486,0,,0.0444,0.0917,0.0000,1→2,6.1486,186.2332,0.0000,0.0000,21,0.0000,0.0000,0.0000,,,,,,,,,,,,,,,,,,,,,,,,,,,,,,,,,,,,,,,,,,,,,,,,,,,,,,,,,,,,,,,
DQN,104,7,0,7→6→2→0,3,15.8757,0,,0.0339,0.0616,0.0000,7→6,1.8700,114.3488,0.0000,0.0000,22,0.0000,0.0000,0.0000,6→2,6.6925,58.7899,0.0000,0.0000,21,0.0000,0.0000,0.0000,2→0,7.3131,145.8898,0.0000,0.0000,29,0.0000,0.0000,0.0000,,,,,,,,,,,,,,,,,,,,,,,,,,,,,,,,,,,,,,,,,,,,,
DQN,105,2,7,2→6→7,2,13.9884,0,,0.0495,0.0738,0.0000,2→6,6.7034,28.5690,0.0000,0.0000,51,0.0000,0.0000,0.0000,6→7,7.2850,112.4559,0.0000,0.0000,81,0.0000,0.0000,0.0000,,,,,,,,,,,,,,,,,,,,,,,,,,,,,,,,,,,,,,,,,,,,,,,,,,,,,,
DQN,106,5,3,5→3,1,6.7610,0,,0.0617,0.1195,0.0000,5→3,6.7610,75.0552,0.0000,0.0000,51,0.0000,0.0000,0.0000,,,,,,,,,,,,,,,,,,,,,,,,,,,,,,,,,,,,,,,,,,,,,,,,,,,,,,,,,,,,,,,
DQN,107,5,0,5→4→1→0,3,19.1880,0,,0.0404,0.1075,0.0000,5→4,4.0423,22.7642,0.0000,0.0000,44,0.0000,0.0000,0.0000,4→1,7.3811,143.8657,0.0000,0.0000,31,0.0000,0.0000,0.0000,1→0,7.7645,199.3432,0.0000,0.0000,30,0.0000,0.0000,0.0000,,,,,,,,,,,,,,,,,,,,,,,,,,,,,,,,,,,,,,,,,,,,,
DQN,108,4,3,4→3,1,5.6505,0,,0.0420,0.0834,0.0000,4→3,5.6505,71.1199,0.0000,0.0000,76,0.0000,0.0000,0.0000,,,,,,,,,,,,,,,,,,,,,,,,,,,,,,,,,,,,,,,,,,,,,,,,,,,,,,,,,,,,,,,
DQN,109,3,2,3→1→2,2,7.4462,0,,0.0816,0.1485,0.0000,3→1,5.8374,104.1407,0.0000,0.0000,58,0.0000,0.0000,0.0000,1→2,1.6088,101.5581,0.0000,0.0000,87,0.0000,0.0000,0.0000,,,,,,,,,,,,,,,,,,,,,,,,,,,,,,,,,,,,,,,,,,,,,,,,,,,,,,
DQN,110,5,1,5→4→1,2,17.2958,1,,0.0540,0.1402,32.2737,5→4,9.7844,170.1402,0.0000,0.0000,42,0.0000,0.0000,8.0000,4→1,7.5114,148.2129,0.0000,0.0000,65,0.0000,0.0000,24.2737,,,,,,,,,,,,,,,,,,,,,,,,,,,,,,,,,,,,,,,,,,,,,,,,,,,,,,
DQN,111,1,3,1→3,1,7.0107,0,,0.0515,0.0699,0.0000,1→3,7.0107,89.8958,0.0000,0.0000,76,0.0000,0.0000,0.0000,,,,,,,,,,,,,,,,,,,,,,,,,,,,,,,,,,,,,,,,,,,,,,,,,,,,,,,,,,,,,,,
DQN,112,3,0,3→1→0,2,18.6705,0,,0.0317,0.0577,0.0000,3→1,9.0829,31.8411,0.0000,0.0000,96,0.0000,0.0000,0.0000,1→0,9.5876,106.2379,0.0000,0.0000,95,0.0000,0.0000,0.0000,,,,,,,,,,,,,,,,,,,,,,,,,,,,,,,,,,,,,,,,,,,,,,,,,,,,,,
DQN,113,6,7,6→7,1,4.9563,0,,0.0483,0.1259,0.0000,6→7,4.9563,79.6619,0.0000,0.0000,89,0.0000,0.0000,0.0000,,,,,,,,,,,,,,,,,,,,,,,,,,,,,,,,,,,,,,,,,,,,,,,,,,,,,,,,,,,,,,,
DQN,114,4,5,4→5,1,4.5565,0,,0.0438,0.0769,0.0000,4→5,4.5565,21.4399,0.0000,0.0000,97,0.0000,0.0000,0.0000,,,,,,,,,,,,,,,,,,,,,,,,,,,,,,,,,,,,,,,,,,,,,,,,,,,,,,,,,,,,,,,
DQN,115,3,2,3→1→2,2,17.2935,0,,0.0362,0.0817,0.0000,3→1,7.9902,132.1330,0.0000,0.0000,37,0.0000,0.0000,0.0000,1→2,9.3033,191.8497,0.0000,0.0000,83,0.0000,0.0000,0.0000,,,,,,,,,,,,,,,,,,,,,,,,,,,,,,,,,,,,,,,,,,,,,,,,,,,,,,
DQN,116,6,1,6→2→1,2,13.4908,0,,0.0503,0.0687,0.0000,6→2,4.9536,42.7492,0.0000,0.0000,51,0.0000,0.0000,0.0000,2→1,8.5372,158.4619,0.0000,0.0000,95,0.0000,0.0000,0.0000,,,,,,,,,,,,,,,,,,,,,,,,,,,,,,,,,,,,,,,,,,,,,,,,,,,,,,
DQN,117,0,3,0→2→4→3,3,11.3535,1,,0.0327,0.0641,40.9486,0→2,3.2493,52.7439,0.0000,0.0000,83,0.0000,0.0000,0.0000,2→4,6.7514,182.6988,0.0000,0.0000,77,0.0000,0.0000,0.0000,4→3,1.3528,74.2313,0.0000,0.0000,38,0.0000,0.0000,40.9486,,,,,,,,,,,,,,,,,,,,,,,,,,,,,,,,,,,,,,,,,,,,,
DQN,118,0,4,0→2→4,2,10.2977,0,,0.0497,0.1014,0.0000,0→2,4.3119,173.9834,0.0000,0.0000,96,0.0000,0.0000,0.0000,2→4,5.9858,79.0041,0.0000,0.0000,69,0.0000,0.0000,0.0000,,,,,,,,,,,,,,,,,,,,,,,,,,,,,,,,,,,,,,,,,,,,,,,,,,,,,,
DQN,119,1,0,1→0,1,2.1731,0,,0.0570,0.1025,0.0000,1→0,2.1731,148.3550,0.0000,0.0000,40,0.0000,0.0000,0.0000,,,,,,,,,,,,,,,,,,,,,,,,,,,,,,,,,,,,,,,,,,,,,,,,,,,,,,,,,,,,,,,
DQN,120,6,4,6→4,1,4.3732,0,,0.0248,0.0524,0.0000,6→4,4.3732,85.0294,0.0000,0.0000,44,0.0000,0.0000,0.0000,,,,,,,,,,,,,,,,,,,,,,,,,,,,,,,,,,,,,,,,,,,,,,,,,,,,,,,,,,,,,,,
DQN,121,3,5,3→5,1,9.4033,0,,0.0819,0.1785,0.0000,3→5,9.4033,160.9202,0.0000,0.0000,72,0.0000,0.0000,0.0000,,,,,,,,,,,,,,,,,,,,,,,,,,,,,,,,,,,,,,,,,,,,,,,,,,,,,,,,,,,,,,,
DQN,122,4,6,4→6,1,4.5408,0,,0.0493,0.0969,0.0000,4→6,4.5408,50.8651,0.0000,0.0000,97,0.0000,0.0000,0.0000,,,,,,,,,,,,,,,,,,,,,,,,,,,,,,,,,,,,,,,,,,,,,,,,,,,,,,,,,,,,,,,
DQN,123,0,7,0→2→6→7,3,16.4161,1,,0.0308,0.0560,15.7551,0→2,4.9191,82.7073,0.0000,0.0000,99,0.0000,0.0000,0.0000,2→6,3.8610,109.3762,0.0000,0.0000,59,0.0000,0.0000,0.0000,6→7,7.6360,118.7429,0.0000,0.0000,34,0.0000,0.0000,15.7551,,,,,,,,,,,,,,,,,,,,,,,,,,,,,,,,,,,,,,,,,,,,,
DQN,124,3,4,3→5→4,2,14.6674,1,,0.0437,0.1019,26.7804,3→5,6.2346,145.8903,0.0000,0.0000,92,0.0000,0.0000,0.0000,5→4,8.4328,133.8257,0.0000,0.0000,28,0.0000,0.0000,26.7804,,,,,,,,,,,,,,,,,,,,,,,,,,,,,,,,,,,,,,,,,,,,,,,,,,,,,,
DQN,125,6,1,6→2→1,2,17.3480,0,,0.0607,0.1563,0.0000,6→2,8.5368,148.5028,0.0000,0.0000,59,0.0000,0.0000,0.0000,2→1,8.8111,142.5289,0.0000,0.0000,53,0.0000,0.0000,0.0000,,,,,,,,,,,,,,,,,,,,,,,,,,,,,,,,,,,,,,,,,,,,,,,,,,,,,,
DQN,126,7,2,7→5→4→2,3,18.4340,0,,0.0549,0.0964,0.0000,7→5,2.2804,30.3042,0.0000,0.0000,62,0.0000,0.0000,0.0000,5→4,9.1753,74.3344,0.0000,0.0000,97,0.0000,0.0000,0.0000,4→2,6.9783,78.7501,4.1605,0.0528,72,0.0000,0.0000,0.0000,,,,,,,,,,,,,,,,,,,,,,,,,,,,,,,,,,,,,,,,,,,,,
DQN,127,7,5,7→5,1,2.9655,0,,0.0762,0.1020,0.0000,7→5,2.9655,124.9988,0.0000,0.0000,20,0.0000,0.0000,0.0000,,,,,,,,,,,,,,,,,,,,,,,,,,,,,,,,,,,,,,,,,,,,,,,,,,,,,,,,,,,,,,,
DQN,128,5,6,5→7→6,2,16.6275,0,,0.0371,0.0773,0.0000,5→7,9.7099,120.2287,0.0000,0.0000,87,0.0000,0.0000,0.0000,7→6,6.9176,84.4295,0.0000,0.0000,95,0.0000,0.0000,0.0000,,,,,,,,,,,,,,,,,,,,,,,,,,,,,,,,,,,,,,,,,,,,,,,,,,,,,,
DQN,129,2,6,2→6,1,5.2347,0,,0.0651,0.0994,0.0000,2→6,5.2347,120.9447,0.0000,0.0000,78,0.0000,0.0000,0.0000,,,,,,,,,,,,,,,,,,,,,,,,,,,,,,,,,,,,,,,,,,,,,,,,,,,,,,,,,,,,,,,
DQN,130,2,3,2→4→3,2,17.9709,0,,0.0384,0.0808,0.0000,2→4,8.7136,184.4935,0.0000,0.0000,21,0.0000,0.0000,0.0000,4→3,9.2574,38.6756,0.0000,0.0000,70,0.0000,0.0000,0.0000,,,,,,,,,,,,,,,,,,,,,,,,,,,,,,,,,,,,,,,,,,,,,,,,,,,,,,
DQN,131,7,3,7→5→3,2,11.0756,0,,0.0790,0.0975,0.0000,7→5,2.7645,146.3073,0.0000,0.0000,93,0.0000,0.0000,0.0000,5→3,8.3112,29.9238,29.9238,1.0000,87,11.1078,0.1277,0.0000,,,,,,,,,,,,,,,,,,,,,,,,,,,,,,,,,,,,,,,,,,,,,,,,,,,,,,
DQN,132,4,2,4→1→0→2,3,12.5236,1,,0.0184,0.0344,105.6162,4→1,1.0163,148.9350,0.0000,0.0000,46,0.0000,0.0000,0.0000,1→0,3.2389,195.1596,0.0000,0.0000,83,0.0000,0.0000,0.0000,0→2,8.2684,51.4576,0.0000,0.0000,21,0.0000,0.0000,105.6162,,,,,,,,,,,,,,,,,,,,,,,,,,,,,,,,,,,,,,,,,,,,,
DQN,133,4,1,4→1,1,6.2260,0,,0.0690,0.1832,0.0000,4→1,6.2260,110.0609,0.0000,0.0000,59,0.0000,0.0000,0.0000,,,,,,,,,,,,,,,,,,,,,,,,,,,,,,,,,,,,,,,,,,,,,,,,,,,,,,,,,,,,,,,
DQN,134,5,2,5→4→3→1→2,4,20.3049,0,,0.0246,0.0660,0.0000,5→4,4.0071,107.2243,0.0000,0.0000,77,0.0000,0.0000,0.0000,4→3,5.6221,44.5889,0.0000,0.0000,58,0.0000,0.0000,0.0000,3→1,6.7009,86.5590,0.0000,0.0000,49,0.0000,0.0000,0.0000,1→2,3.9749,83.5847,1.1509,0.0138,87,0.0000,0.0000,0.0000,,,,,,,,,,,,,,,,,,,,,,,,,,,,,,,,,,,,
DQN,135,0,4,0→2→4,2,7.8046,0,,0.0521,0.1238,0.0000,0→2,1.2914,105.6095,0.0000,0.0000,47,0.0000,0.0000,0.0000,2→4,6.5132,195.0689,0.0000,0.0000,92,0.0000,0.0000,0.0000,,,,,,,,,,,,,,,,,,,,,,,,,,,,,,,,,,,,,,,,,,,,,,,,,,,,,,
DQN,136,0,6,0→2→4→5→7→6,5,24.7718,1,,0.0234,0.0394,23.9675,0→2,1.1632,52.2544,0.0000,0.0000,86,0.0000,0.0000,0.0000,2→4,1.4033,176.9669,0.0000,0.0000,98,0.0000,0.0000,0.0000,4→5,8.9864,133.9686,0.0000,0.0000,93,0.0000,0.0000,0.0000,5→7,9.8179,52.1423,0.0000,0.0000,25,0.0000,0.0000,23.9675,7→6,3.4010,163.3977,0.0000,0.0000,59,0.0000,0.0000,0.0000,,,,,,,,,,,,,,,,,,,,,,,,,,,
DQN,137,7,0,7→6→2→0,3,13.3436,1,,0.0263,0.0792,14.5288,7→6,2.6303,180.5048,0.0000,0.0000,91,0.0000,0.0000,0.0000,6→2,6.7861,80.7278,0.0000,0.0000,69,0.0000,0.0000,6.6864,2→0,3.9273,189.1844,0.0000,0.0000,64,0.0000,0.0000,7.8425,,,,,,,,,,,,,,,,,,,,,,,,,,,,,,,,,,,,,,,,,,,,,
DQN,138,7,2,7→5→4→2,3,15.2922,0,,0.0480,0.0790,0.0000,7→5,6.0212,41.2483,0.0000,0.0000,67,0.0000,0.0000,0.0000,5→4,3.3679,138.8606,0.0000,0.0000,70,0.0000,0.0000,0.0000,4→2,5.9031,57.7388,0.0000,0.0000,43,0.0000,0.0000,0.0000,,,,,,,,,,,,,,,,,,,,,,,,,,,,,,,,,,,,,,,,,,,,,
DQN,139,5,0,5→4→1→0,3,20.2606,1,,0.0494,0.1468,24.2887,5→4,9.3070,92.4220,0.0000,0.0000,74,0.0000,0.0000,0.0000,4→1,4.9888,119.3886,0.0000,0.0000,22,0.0000,0.0000,24.2887,1→0,5.9647,194.4575,0.0000,0.0000,58,0.0000,0.0000,0.0000,,,,,,,,,,,,,,,,,,,,,,,,,,,,,,,,,,,,,,,,,,,,,
DQN,140,1,5,1→4→5,2,11.0581,1,,0.0460,0.0946,14.3192,1→4,7.3202,153.5321,0.0000,0.0000,38,0.0000,0.0000,3.2890,4→5,3.7379,149.7416,0.0000,0.0000,77,0.0000,0.0000,11.0302,,,,,,,,,,,,,,,,,,,,,,,,,,,,,,,,,,,,,,,,,,,,,,,,,,,,,,
DQN,141,2,4,2→4,1,6.4910,1,,0.0653,0.1856,9.0000,2→4,6.4910,168.3586,0.0000,0.0000,28,0.0000,0.0000,9.0000,,,,,,,,,,,,,,,,,,,,,,,,,,,,,,,,,,,,,,,,,,,,,,,,,,,,,,,,,,,,,,,
DQN,142,1,6,1→2→6,2,14.1757,0,,0.0591,0.1240,0.0000,1→2,9.5298,37.5983,0.0000,0.0000,67,0.0000,0.0000,0.0000,2→6,4.6459,154.8284,0.0000,0.0000,61,0.0000,0.0000,0.0000,,,,,,,,,,,,,,,,,,,,,,,,,,,,,,,,,,,,,,,,,,,,,,,,,,,,,,
DQN,143,0,4,0→1→3→4,3,21.3434,0,,0.0556,0.1253,0.0000,0→1,8.9766,146.2528,0.0000,0.0000,23,0.0000,0.0000,0.0000,1→3,3.5448,27.4230,0.0000,0.0000,48,0.0000,0.0000,0.0000,3→4,8.8220,136.8942,0.0000,0.0000,55,0.0000,0.0000,0.0000,,,,,,,,,,,,,,,,,,,,,,,,,,,,,,,,,,,,,,,,,,,,,
DQN,144,5,3,5→3,1,7.2692,0,,0.0634,0.1425,0.0000,5→3,7.2692,188.4737,0.0000,0.0000,85,0.0000,0.0000,0.0000,,,,,,,,,,,,,,,,,,,,,,,,,,,,,,,,,,,,,,,,,,,,,,,,,,,,,,,,,,,,,,,
DQN,145,0,2,0→2,1,8.8494,0,,0.0684,0.1603,0.0000,0→2,8.8494,182.0257,0.0000,0.0000,70,0.0000,0.0000,0.0000,,,,,,,,,,,,,,,,,,,,,,,,,,,,,,,,,,,,,,,,,,,,,,,,,,,,,,,,,,,,,,,
DQN,146,0,1,0→1,1,2.3640,0,,0.0610,0.1239,0.0000,0→1,2.3640,51.9298,0.0000,0.0000,76,0.0000,0.0000,0.0000,,,,,,,,,,,,,,,,,,,,,,,,,,,,,,,,,,,,,,,,,,,,,,,,,,,,,,,,,,,,,,,
DQN,147,6,5,6→2→4→5,3,17.6010,0,,0.0363,0.0840,0.0000,6→2,6.4138,47.9944,0.0000,0.0000,78,0.0000,0.0000,0.0000,2→4,1.6523,35.9799,0.0000,0.0000,47,0.0000,0.0000,0.0000,4→5,9.5349,121.7216,0.0000,0.0000,72,0.0000,0.0000,0.0000,,,,,,,,,,,,,,,,,,,,,,,,,,,,,,,,,,,,,,,,,,,,,
DQN,148,1,4,1→3→4,2,10.5749,0,,0.0370,0.0773,0.0000,1→3,7.9693,164.6285,0.0000,0.0000,36,0.0000,0.0000,0.0000,3→4,2.6055,105.5625,0.0000,0.0000,57,0.0000,0.0000,0.0000,,,,,,,,,,,,,,,,,,,,,,,,,,,,,,,,,,,,,,,,,,,,,,,,,,,,,,
DQN,149,4,6,4→5→7→6,3,23.6425,0,,0.0451,0.1337,0.0000,4→5,7.4875,20.9049,0.0000,0.0000,52,0.0000,0.0000,0.0000,5→7,9.0976,99.6447,0.0000,0.0000,69,0.0000,0.0000,0.0000,7→6,7.0574,154.2904,0.0000,0.0000,48,0.0000,0.0000,0.0000,,,,,,,,,,,,,,,,,,,,,,,,,,,,,,,,,,,,,,,,,,,,,
DQN,150,3,2,3→1→0→2,3,8.8236,0,,0.0438,0.0760,0.0000,3→1,1.0780,96.3068,0.0000,0.0000,48,0.0000,0.0000,0.0000,1→0,6.5128,111.7442,0.0000,0.0000,57,0.0000,0.0000,0.0000,0→2,1.2328,24.5877,0.0000,0.0000,95,0.0000,0.0000,0.0000,,,,,,,,,,,,,,,,,,,,,,,,,,,,,,,,,,,,,,,,,,,,,
DQN,151,2,0,2→0,1,5.3042,0,,0.0364,0.0675,0.0000,2→0,5.3042,42.8260,0.0000,0.0000,75,0.0000,0.0000,0.0000,,,,,,,,,,,,,,,,,,,,,,,,,,,,,,,,,,,,,,,,,,,,,,,,,,,,,,,,,,,,,,,
DQN,152,1,6,1→4→5→7→6,4,29.7706,0,,0.0185,0.0280,0.0000,1→4,7.1658,52.2394,0.0000,0.0000,62,0.0000,0.0000,0.0000,4→5,8.7310,176.9252,0.0000,0.0000,50,0.0000,0.0000,0.0000,5→7,4.6763,70.1743,0.0000,0.0000,68,0.0000,0.0000,0.0000,7→6,9.1975,56.2107,0.0000,0.0000,42,0.0000,0.0000,0.0000,,,,,,,,,,,,,,,,,,,,,,,,,,,,,,,,,,,,
DQN,153,4,3,4→3,1,1.0660,0,,0.0847,0.1532,0.0000,4→3,1.0660,197.0078,0.0000,0.0000,69,0.0000,0.0000,0.0000,,,,,,,,,,,,,,,,,,,,,,,,,,,,,,,,,,,,,,,,,,,,,,,,,,,,,,,,,,,,,,,
DQN,154,4,6,4→6,1,6.4293,0,,0.0799,0.1348,0.0000,4→6,6.4293,48.8429,0.0000,0.0000,58,0.0000,0.0000,0.0000,,,,,,,,,,,,,,,,,,,,,,,,,,,,,,,,,,,,,,,,,,,,,,,,,,,,,,,,,,,,,,,
DQN,155,3,7,3→5→7,2,16.1168,0,,0.0459,0.0880,0.0000,3→5,7.8737,130.5758,0.0000,0.0000,55,0.0000,0.0000,0.0000,5→7,8.2431,60.3831,0.0000,0.0000,25,0.0000,0.0000,0.0000,,,,,,,,,,,,,,,,,,,,,,,,,,,,,,,,,,,,,,,,,,,,,,,,,,,,,,
DQN,156,1,3,1→3,1,9.3466,0,,0.0443,0.0563,0.0000,1→3,9.3466,75.3541,0.0000,0.0000,34,0.0000,0.0000,0.0000,,,,,,,,,,,,,,,,,,,,,,,,,,,,,,,,,,,,,,,,,,,,,,,,,,,,,,,,,,,,,,,
DQN,157,4,2,4→2,1,5.4688,1,,0.0426,0.0633,0.0460,4→2,5.4688,31.0017,0.0000,0.0000,22,0.0000,0.0000,0.0460,,,,,,,,,,,,,,,,,,,,,,,,,,,,,,,,,,,,,,,,,,,,,,,,,,,,,,,,,,,,,,,
DQN,158,3,7,3→5→7,2,18.0647,0,,0.0502,0.0648,0.0000,3→5,9.9356,25.0367,0.0000,0.0000,33,0.0000,0.0000,0.0000,5→7,8.1291,122.6301,0.0000,0.0000,96,0.0000,0.0000,0.0000,,,,,,,,,,,,,,,,,,,,,,,,,,,,,,,,,,,,,,,,,,,,,,,,,,,,,,
DQN,159,7,6,7→5→4→6,3,14.2731,0,,0.0363,0.0892,0.0000,7→5,8.2055,55.5449,0.0000,0.0000,46,0.0000,0.0000,0.0000,5→4,4.4040,165.9682,0.0000,0.0000,49,0.0000,0.0000,0.0000,4→6,1.6636,119.8676,0.0000,0.0000,58,0.0000,0.0000,0.0000,,,,,,,,,,,,,,,,,,,,,,,,,,,,,,,,,,,,,,,,,,,,,
DQN,160,6,1,6→2→1,2,7.2217,0,,0.0407,0.0569,0.0000,6→2,4.3743,81.9419,0.0000,0.0000,82,0.0000,0.0000,0.0000,2→1,2.8474,40.6892,0.0000,0.0000,59,0.0000,0.0000,0.0000,,,,,,,,,,,,,,,,,,,,,,,,,,,,,,,,,,,,,,,,,,,,,,,,,,,,,,
DQN,161,3,1,3→1,1,1.7290,0,,0.0821,0.1404,0.0000,3→1,1.7290,167.5016,0.0000,0.0000,20,0.0000,0.0000,0.0000,,,,,,,,,,,,,,,,,,,,,,,,,,,,,,,,,,,,,,,,,,,,,,,,,,,,,,,,,,,,,,,
DQN,162,0,2,0→1→2,2,14.2696,0,,0.0525,0.0978,0.0000,0→1,7.3857,113.6709,0.0000,0.0000,65,0.0000,0.0000,0.0000,1→2,6.8838,31.0978,0.0000,0.0000,55,0.0000,0.0000,0.0000,,,,,,,,,,,,,,,,,,,,,,,,,,,,,,,,,,,,,,,,,,,,,,,,,,,,,,
DQN,163,6,2,6→2,1,8.3623,0,,0.0749,0.1526,0.0000,6→2,8.3623,22.4769,0.0000,0.0000,75,0.0000,0.0000,0.0000,,,,,,,,,,,,,,,,,,,,,,,,,,,,,,,,,,,,,,,,,,,,,,,,,,,,,,,,,,,,,,,
DQN,164,1,0,1→0,1,5.1845,0,,0.0646,0.1562,0.0000,1→0,5.1845,98.8306,0.0000,0.0000,54,0.0000,0.0000,0.0000,,,,,,,,,,,,,,,,,,,,,,,,,,,,,,,,,,,,,,,,,,,,,,,,,,,,,,,,,,,,,,,
DQN,165,3,6,3→5→4→6,3,25.1471,0,,0.0237,0.0524,0.0000,3→5,8.6547,20.1657,0.0000,0.0000,53,0.0000,0.0000,0.0000,5→4,9.4758,31.9580,0.0000,0.0000,36,0.0000,0.0000,0.0000,4→6,7.0166,170.3090,0.0000,0.0000,25,0.0000,0.0000,0.0000,,,,,,,,,,,,,,,,,,,,,,,,,,,,,,,,,,,,,,,,,,,,,
DQN,166,7,1,7→6→2→1,3,11.1158,1,,0.0391,0.0580,48.6126,7→6,2.5540,149.0410,0.0000,0.0000,54,0.0000,0.0000,0.0000,6→2,4.6942,76.9851,0.0000,0.0000,20,0.0000,0.0000,48.6126,2→1,3.8676,158.7320,0.0000,0.0000,69,0.0000,0.0000,0.0000,,,,,,,,,,,,,,,,,,,,,,,,,,,,,,,,,,,,,,,,,,,,,
DQN,167,4,1,4→2→1,2,17.6470,0,,0.0441,0.1106,0.0000,4→2,7.9216,114.5733,0.0000,0.0000,85,0.0000,0.0000,0.0000,2→1,9.7254,132.0568,0.0000,0.0000,89,0.0000,0.0000,0.0000,,,,,,,,,,,,,,,,,,,,,,,,,,,,,,,,,,,,,,,,,,,,,,,,,,,,,,
DQN,168,7,6,7→6,1,1.7235,0,,0.0621,0.1622,0.0000,7→6,1.7235,31.5127,0.0000,0.0000,53,0.0000,0.0000,0.0000,,,,,,,,,,,,,,,,,,,,,,,,,,,,,,,,,,,,,,,,,,,,,,,,,,,,,,,,,,,,,,,
DQN,169,2,4,2→4,1,9.0684,0,,0.0661,0.1384,0.0000,2→4,9.0684,190.9224,0.0000,0.0000,78,0.0000,0.0000,0.0000,,,,,,,,,,,,,,,,,,,,,,,,,,,,,,,,,,,,,,,,,,,,,,,,,,,,,,,,,,,,,,,
DQN,170,5,1,5→4→1,2,9.3312,0,,0.0672,0.1723,0.0000,5→4,4.5191,61.0118,0.0000,0.0000,47,0.0000,0.0000,0.0000,4→1,4.8120,168.2284,0.0000,0.0000,93,0.0000,0.0000,0.0000,,,,,,,,,,,,,,,,,,,,,,,,,,,,,,,,,,,,,,,,,,,,,,,,,,,,,,
DQN,171,0,4,0→2→4,2,5.9884,0,,0.0452,0.0562,0.0000,0→2,1.7809,76.1751,0.0000,0.0000,81,0.0000,0.0000,0.0000,2→4,4.2075,101.5562,0.0000,0.0000,37,0.0000,0.0000,0.0000,,,,,,,,,,,,,,,,,,,,,,,,,,,,,,,,,,,,,,,,,,,,,,,,,,,,,,
DQN,172,1,4,1→3→5→4,3,17.8012,0,,0.0424,0.0813,0.0000,1→3,7.8987,69.8296,0.0000,0.0000,83,0.0000,0.0000,0.0000,3→5,3.8981,102.1501,0.0000,0.0000,45,0.0000,0.0000,0.0000,5→4,6.0044,115.6152,0.0000,0.0000,71,0.0000,0.0000,0.0000,,,,,,,,,,,,,,,,,,,,,,,,,,,,,,,,,,,,,,,,,,,,,
DQN,173,5,4,5→4,1,8.8120,0,,0.0462,0.0963,0.0000,5→4,8.8120,27.6415,0.0000,0.0000,23,0.0000,0.0000,0.0000,,,,,,,,,,,,,,,,,,,,,,,,,,,,,,,,,,,,,,,,,,,,,,,,,,,,,,,,,,,,,,,
DQN,174,2,3,2→4→3,2,11.7232,0,,0.0512,0.0913,0.0000,2→4,6.6048,106.7832,0.0000,0.0000,82,0.0000,0.0000,0.0000,4→3,5.1184,181.5720,0.0000,0.0000,65,0.0000,0.0000,0.0000,,,,,,,,,,,,,,,,,,,,,,,,,,,,,,,,,,,,,,,,,,,,,,,,,,,,,,
DQN,175,7,6,7→5→4→6,3,13.3695,1,,0.0374,0.0567,64.4566,7→5,3.1633,114.9686,0.0000,0.0000,51,0.0000,0.0000,0.0000,5→4,6.8315,107.2475,0.0000,0.0000,63,0.0000,0.0000,11.0239,4→6,3.3747,50.9593,0.0000,0.0000,31,0.0000,0.0000,53.4327,,,,,,,,,,,,,,,,,,,,,,,,,,,,,,,,,,,,,,,,,,,,,
DQN,176,6,5,6→2→4→5,3,24.6373,0,,0.0215,0.0693,0.0000,6→2,8.8230,118.5492,0.0000,0.0000,33,0.0000,0.0000,0.0000,2→4,6.9400,161.6840,0.0000,0.0000,80,0.0000,0.0000,0.0000,4→5,8.8743,157.9236,0.0000,0.0000,98,0.0000,0.0000,0.0000,,,,,,,,,,,,,,,,,,,,,,,,,,,,,,,,,,,,,,,,,,,,,
DQN,177,6,2,6→2,1,4.6691,0,,0.0526,0.1220,0.0000,6→2,4.6691,36.2887,1.0668,0.0294,40,0.0000,0.0000,0.0000,,,,,,,,,,,,,,,,,,,,,,,,,,,,,,,,,,,,,,,,,,,,,,,,,,,,,,,,,,,,,,,
DQN,178,3,2,3→1→2,2,12.1961,0,,0.0257,0.0576,0.0000,3→1,5.5546,80.1176,0.0000,0.0000,24,0.0000,0.0000,0.0000,1→2,6.6415,148.9862,0.0000,0.0000,57,0.0000,0.0000,0.0000,,,,,,,,,,,,,,,,,,,,,,,,,,,,,,,,,,,,,,,,,,,,,,,,,,,,,,
DQN,179,2,3,2→4→3,2,10.8367,0,,0.0674,0.0972,0.0000,2→4,2.8946,103.5762,0.0000,0.0000,58,0.0000,0.0000,0.0000,4→3,7.9421,28.7687,14.0879,0.4897,70,0.0000,0.0000,0.0000,,,,,,,,,,,,,,,,,,,,,,,,,,,,,,,,,,,,,,,,,,,,,,,,,,,,,,
DQN,180,1,4,1→3→5→4,3,18.1851,0,,0.0412,0.0880,0.0000,1→3,6.0234,26.5756,0.0000,0.0000,22,0.0000,0.0000,0.0000,3→5,9.7856,72.7272,0.0000,0.0000,26,0.0000,0.0000,0.0000,5→4,2.3761,150.6899,0.0000,0.0000,76,0.0000,0.0000,0.0000,,,,,,,,,,,,,,,,,,,,,,,,,,,,,,,,,,,,,,,,,,,,,
DQN,181,2,7,2→6→4→5→7,4,18.3399,1,,0.0525,0.0400,63.5036,2→6,3.3508,104.8837,0.0000,0.0000,35,0.0000,0.0000,2.4502,6→4,5.2918,163.8032,0.0000,0.0000,86,0.0000,0.0000,0.0000,4→5,4.9781,40.0445,0.0000,0.0000,57,0.0000,0.0000,58.5118,5→7,4.7192,26.1193,26.1193,1.0000,44,17.8807,0.4064,2.5416,,,,,,,,,,,,,,,,,,,,,,,,,,,,,,,,,,,,
DQN,182,6,3,6→4→3,2,12.5253,0,,0.0882,0.0904,0.0000,6→4,4.2085,153.5362,0.0000,0.0000,94,0.0000,0.0000,0.0000,4→3,8.3168,29.9294,29.9294,1.0000,82,3.7454,0.0457,0.0000,,,,,,,,,,,,,,,,,,,,,,,,,,,,,,,,,,,,,,,,,,,,,,,,,,,,,,
DQN,183,3,6,3→5→7→6,3,19.0449,1,,0.0323,0.0536,14.7555,3→5,8.8016,27.4885,0.0000,0.0000,86,0.0000,0.0000,0.0000,5→7,7.4757,88.4542,0.0000,0.0000,38,0.0000,0.0000,2.8924,7→6,2.7676,157.3729,0.0000,0.0000,46,0.0000,0.0000,11.8631,,,,,,,,,,,,,,,,,,,,,,,,,,,,,,,,,,,,,,,,,,,,,
DQN,184,7,6,7→6,1,3.4809,0,,0.0418,0.1182,0.0000,7→6,3.4809,65.8944,0.0000,0.0000,37,0.0000,0.0000,0.0000,,,,,,,,,,,,,,,,,,,,,,,,,,,,,,,,,,,,,,,,,,,,,,,,,,,,,,,,,,,,,,,
DQN,185,7,2,7→6→2,2,17.4158,1,,0.0416,0.0820,8.4221,7→6,9.5492,29.8360,0.0000,0.0000,42,0.0000,0.0000,0.0000,6→2,7.8666,128.1271,0.0000,0.0000,21,0.0000,0.0000,8.4221,,,,,,,,,,,,,,,,,,,,,,,,,,,,,,,,,,,,,,,,,,,,,,,,,,,,,,
DQN,186,6,5,6→4→5,2,5.9086,0,,0.0479,0.1056,0.0000,6→4,1.0748,174.3408,0.0000,0.0000,76,0.0000,0.0000,0.0000,4→5,4.8338,125.8893,0.0000,0.0000,87,0.0000,0.0000,0.0000,,,,,,,,,,,,,,,,,,,,,,,,,,,,,,,,,,,,,,,,,,,,,,,,,,,,,,
DQN,187,1,0,1→0,1,7.2307,0,,0.0296,0.0448,0.0000,1→0,7.2307,29.0700,1.3183,0.0453,88,0.0000,0.0000,0.0000,,,,,,,,,,,,,,,,,,,,,,,,,,,,,,,,,,,,,,,,,,,,,,,,,,,,,,,,,,,,,,,
DQN,188,5,2,5→4→2,2,8.2885,0,,0.0505,0.1109,0.0000,5→4,4.0987,107.8006,0.0000,0.0000,55,0.0000,0.0000,0.0000,4→2,4.1898,25.9279,0.0000,0.0000,28,0.0000,0.0000,0.0000,,,,,,,,,,,,,,,,,,,,,,,,,,,,,,,,,,,,,,,,,,,,,,,,,,,,,,
DQN,189,1,5,1→4→5,2,11.5131,0,,0.0424,0.0733,0.0000,1→4,3.1495,57.4393,0.0000,0.0000,67,0.0000,0.0000,0.0000,4→5,8.3635,73.8279,0.0000,0.0000,37,0.0000,0.0000,0.0000,,,,,,,,,,,,,,,,,,,,,,,,,,,,,,,,,,,,,,,,,,,,,,,,,,,,,,
DQN,190,0,3,0→2→4→3,3,7.5662,0,,0.0579,0.1085,0.0000,0→2,4.1622,166.3592,0.0000,0.0000,67,0.0000,0.0000,0.0000,2→4,2.1627,140.7794,0.0000,0.0000,81,0.0000,0.0000,0.0000,4→3,1.2413,83.3993,0.0000,0.0000,69,0.0000,0.0000,0.0000,,,,,,,,,,,,,,,,,,,,,,,,,,,,,,,,,,,,,,,,,,,,,
DQN,191,7,6,7→6,1,1.7864,0,,0.0689,0.1130,0.0000,7→6,1.7864,94.1514,0.0000,0.0000,75,0.0000,0.0000,0.0000,,,,,,,,,,,,,,,,,,,,,,,,,,,,,,,,,,,,,,,,,,,,,,,,,,,,,,,,,,,,,,,
DQN,192,6,5,6→4→5,2,11.2345,0,,0.0256,0.0532,0.0000,6→4,6.0189,191.2805,0.0000,0.0000,29,0.0000,0.0000,0.0000,4→5,5.2157,192.0737,0.0000,0.0000,24,0.0000,0.0000,0.0000,,,,,,,,,,,,,,,,,,,,,,,,,,,,,,,,,,,,,,,,,,,,,,,,,,,,,,
DQN,193,4,5,4→5,1,3.3644,1,,0.0712,0.1203,4.4360,4→5,3.3644,175.1656,0.0000,0.0000,34,0.0000,0.0000,4.4360,,,,,,,,,,,,,,,,,,,,,,,,,,,,,,,,,,,,,,,,,,,,,,,,,,,,,,,,,,,,,,,
DQN,194,2,1,2→0→1,2,8.4074,0,,0.0341,0.0491,0.0000,2→0,6.0230,73.7478,0.0000,0.0000,95,0.0000,0.0000,0.0000,0→1,2.3844,104.8066,0.0000,0.0000,33,0.0000,0.0000,0.0000,,,,,,,,,,,,,,,,,,,,,,,,,,,,,,,,,,,,,,,,,,,,,,,,,,,,,,
DQN,195,0,1,0→1,1,6.3215,0,,0.0396,0.0685,0.0000,0→1,6.3215,54.5518,0.0000,0.0000,89,0.0000,0.0000,0.0000,,,,,,,,,,,,,,,,,,,,,,,,,,,,,,,,,,,,,,,,,,,,,,,,,,,,,,,,,,,,,,,
DQN,196,1,0,1→0,1,5.0155,0,,0.0364,0.0967,0.0000,1→0,5.0155,177.9589,0.0000,0.0000,71,0.0000,0.0000,0.0000,,,,,,,,,,,,,,,,,,,,,,,,,,,,,,,,,,,,,,,,,,,,,,,,,,,,,,,,,,,,,,,
DQN,197,7,4,7→5→4,2,5.0742,0,,0.0255,0.0434,0.0000,7→5,3.6816,121.1703,0.0000,0.0000,80,0.0000,0.0000,0.0000,5→4,1.3926,35.8300,0.0000,0.0000,44,0.0000,0.0000,0.0000,,,,,,,,,,,,,,,,,,,,,,,,,,,,,,,,,,,,,,,,,,,,,,,,,,,,,,
DQN,198,5,0,5→4→1→0,3,11.6592,0,,0.0214,0.0291,0.0000,5→4,1.0488,74.4689,0.0000,0.0000,97,0.0000,0.0000,0.0000,4→1,8.1157,24.5320,0.0000,0.0000,32,0.0000,0.0000,0.0000,1→0,2.4948,150.5626,0.0000,0.0000,57,0.0000,0.0000,0.0000,,,,,,,,,,,,,,,,,,,,,,,,,,,,,,,,,,,,,,,,,,,,,
DQN,199,2,1,2→1,1,3.8394,0,,0.0620,0.1573,0.0000,2→1,3.8394,104.9631,0.0000,0.0000,62,0.0000,0.0000,0.0000,,,,,,,,,,,,,,,,,,,,,,,,,,,,,,,,,,,,,,,,,,,,,,,,,,,,,,,,,,,,,,,
DQN,200,4,1,4→2→1,2,11.5821,1,,0.0580,0.1059,13.5936,4→2,9.9156,55.2955,0.0000,0.0000,81,0.0000,0.0000,0.0000,2→1,1.6665,161.5622,0.0000,0.0000,42,0.0000,0.0000,13.5936,,,,,,,,,,,,,,,,,,,,,,,,,,,,,,,,,,,,,,,,,,,,,,,,,,,,,,
OSPF,201,3,4,3→5→4,2,3.2833,0,,0.0780,0.1181,0.0000,3→5,1.7561,169.8759,0.0000,0.0000,69,0.0000,0.0000,0.0000,5→4,1.5271,80.5011,0.0000,0.0000,90,0.0000,0.0000,0.0000,,,,,,,,,,,,,,,,,,,,,,,,,,,,,,,,,,,,,,,,,,,,,,,,,,,,,,
OSPF,202,6,7,6→7,1,7.3866,0,,0.0510,0.1053,0.0000,6→7,7.3866,32.6037,0.0000,0.0000,34,0.0000,0.0000,0.0000,,,,,,,,,,,,,,,,,,,,,,,,,,,,,,,,,,,,,,,,,,,,,,,,,,,,,,,,,,,,,,,
OSPF,203,2,6,2→6,1,6.4236,0,,0.0675,0.1415,0.0000,2→6,6.4236,193.9278,0.0000,0.0000,78,0.0000,0.0000,0.0000,,,,,,,,,,,,,,,,,,,,,,,,,,,,,,,,,,,,,,,,,,,,,,,,,,,,,,,,,,,,,,,
OSPF,204,6,4,6→4,1,4.2518,0,,0.0442,0.1278,0.0000,6→4,4.2518,121.2439,0.0000,0.0000,38,0.0000,0.0000,0.0000,,,,,,,,,,,,,,,,,,,,,,,,,,,,,,,,,,,,,,,,,,,,,,,,,,,,,,,,,,,,,,,
OSPF,205,0,2,0→2,1,1.6437,0,,0.0592,0.0939,0.0000,0→2,1.6437,23.9239,0.0000,0.0000,33,0.0000,0.0000,0.0000,,,,,,,,,,,,,,,,,,,,,,,,,,,,,,,,,,,,,,,,,,,,,,,,,,,,,,,,,,,,,,,
OSPF,206,7,1,7→6→4→1,3,16.5404,0,,0.0275,0.0584,0.0000,7→6,6.8398,33.2450,0.0000,0.0000,87,0.0000,0.0000,0.0000,6→4,7.6984,157.2062,0.0000,0.0000,59,0.0000,0.0000,0.0000,4→1,2.0022,28.3723,0.0000,0.0000,59,0.0000,0.0000,0.0000,,,,,,,,,,,,,,,,,,,,,,,,,,,,,,,,,,,,,,,,,,,,,
OSPF,207,0,2,0→2,1,4.4209,0,,0.0382,0.1004,0.0000,0→2,4.4209,83.2949,0.0000,0.0000,84,0.0000,0.0000,0.0000,,,,,,,,,,,,,,,,,,,,,,,,,,,,,,,,,,,,,,,,,,,,,,,,,,,,,,,,,,,,,,,
OSPF,208,5,1,5→3→1,2,6.1899,0,,0.0273,0.0337,0.0000,5→3,3.4286,117.0594,0.0000,0.0000,53,0.0000,0.0000,0.0000,3→1,2.7613,78.2649,0.0000,0.0000,98,0.0000,0.0000,0.0000,,,,,,,,,,,,,,,,,,,,,,,,,,,,,,,,,,,,,,,,,,,,,,,,,,,,,,
OSPF,209,2,0,2→0,1,9.2825,0,,0.0319,0.0488,0.0000,2→0,9.2825,72.0791,0.0000,0.0000,28,0.0000,0.0000,0.0000,,,,,,,,,,,,,,,,,,,,,,,,,,,,,,,,,,,,,,,,,,,,,,,,,,,,,,,,,,,,,,,
OSPF,210,2,4,2→4,1,3.6677,0,,0.0656,0.1401,0.0000,2→4,3.6677,167.1417,0.0000,0.0000,62,0.0000,0.0000,0.0000,,,,,,,,,,,,,,,,,,,,,,,,,,,,,,,,,,,,,,,,,,,,,,,,,,,,,,,,,,,,,,,
OSPF,211,5,4,5→3→4,2,4.0159,1,,0.0626,0.1116,19.6460,5→3,1.1871,165.9308,0.0000,0.0000,89,0.0000,0.0000,0.0000,3→4,2.8288,128.0675,0.0000,0.0000,37,0.0000,0.0000,19.6460,,,,,,,,,,,,,,,,,,,,,,,,,,,,,,,,,,,,,,,,,,,,,,,,,,,,,,
OSPF,212,3,5,3→5,1,9.5414,0,,0.0542,0.0795,0.0000,3→5,9.5414,184.7021,0.0000,0.0000,86,0.0000,0.0000,0.0000,,,,,,,,,,,,,,,,,,,,,,,,,,,,,,,,,,,,,,,,,,,,,,,,,,,,,,,,,,,,,,,
OSPF,213,6,2,6→2,1,1.4531,0,,0.0569,0.1157,0.0000,6→2,1.4531,64.5886,0.0000,0.0000,73,0.0000,0.0000,0.0000,,,,,,,,,,,,,,,,,,,,,,,,,,,,,,,,,,,,,,,,,,,,,,,,,,,,,,,,,,,,,,,
OSPF,214,5,4,5→4,1,2.5389,0,,0.0518,0.1538,0.0000,5→4,2.5389,177.5702,0.0000,0.0000,26,0.0000,0.0000,0.0000,,,,,,,,,,,,,,,,,,,,,,,,,,,,,,,,,,,,,,,,,,,,,,,,,,,,,,,,,,,,,,,
OSPF,215,4,6,4→6,1,4.6544,0,,0.0316,0.0903,0.0000,4→6,4.6544,162.4163,0.0000,0.0000,30,0.0000,0.0000,0.0000,,,,,,,,,,,,,,,,,,,,,,,,,,,,,,,,,,,,,,,,,,,,,,,,,,,,,,,,,,,,,,,
OSPF,216,2,1,2→1,1,2.2390,0,,0.0680,0.1261,0.0000,2→1,2.2390,59.6368,0.0000,0.0000,43,0.0000,0.0000,0.0000,,,,,,,,,,,,,,,,,,,,,,,,,,,,,,,,,,,,,,,,,,,,,,,,,,,,,,,,,,,,,,,
OSPF,217,5,6,5→7→6,2,10.3363,0,,0.0416,0.1089,0.0000,5→7,8.6976,174.1153,0.0000,0.0000,52,0.0000,0.0000,0.0000,7→6,1.6387,37.7464,0.0000,0.0000,97,0.0000,0.0000,0.0000,,,,,,,,,,,,,,,,,,,,,,,,,,,,,,,,,,,,,,,,,,,,,,,,,,,,,,
OSPF,218,4,2,4→2,1,5.5764,0,,0.0525,0.0979,0.0000,4→2,5.5764,185.4164,0.0000,0.0000,81,0.0000,0.0000,0.0000,,,,,,,,,,,,,,,,,,,,,,,,,,,,,,,,,,,,,,,,,,,,,,,,,,,,,,,,,,,,,,,
OSPF,219,7,1,7→5→3→1,3,10.9700,0,,0.0527,0.1073,0.0000,7→5,8.2946,169.0841,0.0000,0.0000,95,0.0000,0.0000,0.0000,5→3,1.3072,53.3333,0.0000,0.0000,22,0.0000,0.0000,0.0000,3→1,1.3682,149.9721,0.0000,0.0000,54,0.0000,0.0000,0.0000,,,,,,,,,,,,,,,,,,,,,,,,,,,,,,,,,,,,,,,,,,,,,
OSPF,220,6,3,6→4→3,2,6.3148,0,,0.0384,0.0675,0.0000,6→4,1.0983,67.9481,0.0000,0.0000,49,0.0000,0.0000,0.0000,4→3,5.2166,33.1944,0.0000,0.0000,68,0.0000,0.0000,0.0000,,,,,,,,,,,,,,,,,,,,,,,,,,,,,,,,,,,,,,,,,,,,,,,,,,,,,,
OSPF,221,3,5,3→5,1,5.7984,0,,0.0349,0.0714,0.0000,3→5,5.7984,129.3129,0.0000,0.0000,81,0.0000,0.0000,0.0000,,,,,,,,,,,,,,,,,,,,,,,,,,,,,,,,,,,,,,,,,,,,,,,,,,,,,,,,,,,,,,,
OSPF,222,3,7,3→5→7,2,11.2654,0,,0.0487,0.0656,0.0000,3→5,2.2549,90.5161,0.0000,0.0000,76,0.0000,0.0000,0.0000,5→7,9.0105,173.7597,0.0000,0.0000,51,0.0000,0.0000,0.0000,,,,,,,,,,,,,,,,,,,,,,,,,,,,,,,,,,,,,,,,,,,,,,,,,,,,,,
OSPF,223,5,6,5→3→4→2→6,4,11.2166,1,,0.0372,0.0489,83.2824,5→3,2.7610,188.9594,0.0000,0.0000,50,0.0000,0.0000,4.0227,3→4,3.3874,115.7731,0.0000,0.0000,46,0.0000,0.0000,51.0227,4→2,1.2961,163.1601,0.0000,0.0000,60,0.0000,0.0000,7.7501,2→6,3.7720,63.1033,11.6335,0.1844,68,0.0000,0.0000,20.4869,,,,,,,,,,,,,,,,,,,,,,,,,,,,,,,,,,,,
OSPF,224,2,0,2→0,1,4.2781,0,,0.0478,0.0792,0.0000,2→0,4.2781,89.6036,0.0000,0.0000,48,0.0000,0.0000,0.0000,,,,,,,,,,,,,,,,,,,,,,,,,,,,,,,,,,,,,,,,,,,,,,,,,,,,,,,,,,,,,,,
OSPF,225,1,3,1→3,1,2.6590,0,,0.0649,0.0903,0.0000,1→3,2.6590,22.6811,0.0000,0.0000,66,0.0000,0.0000,0.0000,,,,,,,,,,,,,,,,,,,,,,,,,,,,,,,,,,,,,,,,,,,,,,,,,,,,,,,,,,,,,,,
OSPF,226,5,1,5→4→1,2,7.9000,0,,0.0321,0.0894,0.0000,5→4,1.1474,55.8161,0.0000,0.0000,93,0.0000,0.0000,0.0000,4→1,6.7526,177.2824,0.0000,0.0000,34,0.0000,0.0000,0.0000,,,,,,,,,,,,,,,,,,,,,,,,,,,,,,,,,,,,,,,,,,,,,,,,,,,,,,
OSPF,227,5,2,5→4→2,2,7.1808,0,,0.0315,0.1074,0.0000,5→4,3.8224,37.4288,0.0000,0.0000,92,0.0000,0.0000,0.0000,4→2,3.3584,196.2569,0.0000,0.0000,77,0.0000,0.0000,0.0000,,,,,,,,,,,,,,,,,,,,,,,,,,,,,,,,,,,,,,,,,,,,,,,,,,,,,,
OSPF,228,2,5,2→6→7→5,3,13.9288,0,,0.0400,0.0562,0.0000,2→6,1.6819,153.9975,0.0000,0.0000,88,0.0000,0.0000,0.0000,6→7,4.3654,129.6158,0.0000,0.0000,66,0.0000,0.0000,0.0000,7→5,7.8815,131.8743,0.0000,0.0000,57,0.0000,0.0000,0.0000,,,,,,,,,,,,,,,,,,,,,,,,,,,,,,,,,,,,,,,,,,,,,
OSPF,229,4,5,4→5,1,8.6608,0,,0.0529,0.1085,0.0000,4→5,8.6608,89.2071,0.0000,0.0000,94,0.0000,0.0000,0.0000,,,,,,,,,,,,,,,,,,,,,,,,,,,,,,,,,,,,,,,,,,,,,,,,,,,,,,,,,,,,,,,
OSPF,230,2,5,2→4→5,2,3.9012,0,,0.0548,0.1585,0.0000,2→4,2.1374,192.5304,0.0000,0.0000,70,0.0000,0.0000,0.0000,4→5,1.7638,137.3784,0.0000,0.0000,94,0.0000,0.0000,0.0000,,,,,,,,,,,,,,,,,,,,,,,,,,,,,,,,,,,,,,,,,,,,,,,,,,,,,,
OSPF,231,7,4,7→5→3→4,3,8.9140,0,,0.0402,0.0579,0.0000,7→5,3.4592,187.6403,0.0000,0.0000,70,0.0000,0.0000,0.0000,5→3,1.8339,45.3882,0.0000,0.0000,93,0.0000,0.0000,0.0000,3→4,3.6209,124.6668,0.0000,0.0000,92,0.0000,0.0000,0.0000,,,,,,,,,,,,,,,,,,,,,,,,,,,,,,,,,,,,,,,,,,,,,
OSPF,232,2,0,2→0,1,9.3495,0,,0.0491,0.1077,0.0000,2→0,9.3495,64.1948,0.0000,0.0000,35,0.0000,0.0000,0.0000,,,,,,,,,,,,,,,,,,,,,,,,,,,,,,,,,,,,,,,,,,,,,,,,,,,,,,,,,,,,,,,
OSPF,233,1,5,1→4→5,2,4.6003,0,,0.0557,0.1019,0.0000,1→4,1.1223,179.4303,0.0000,0.0000,61,0.0000,0.0000,0.0000,4→5,3.4780,59.4445,0.0000,0.0000,60,0.0000,0.0000,0.0000,,,,,,,,,,,,,,,,,,,,,,,,,,,,,,,,,,,,,,,,,,,,,,,,,,,,,,
OSPF,234,0,3,0→2→1→3,3,12.5103,0,,0.0335,0.1116,0.0000,0→2,4.6454,105.3077,0.0000,0.0000,55,0.0000,0.0000,0.0000,2→1,1.8564,97.2228,0.0000,0.0000,38,0.0000,0.0000,0.0000,1→3,6.0085,153.5460,0.0000,0.0000,53,0.0000,0.0000,0.0000,,,,,,,,,,,,,,,,,,,,,,,,,,,,,,,,,,,,,,,,,,,,,
OSPF,235,1,4,1→3→4,2,3.5859,1,,0.0426,0.1059,18.1618,1→3,1.4202,155.6649,0.0000,0.0000,96,0.0000,0.0000,0.0000,3→4,2.1657,137.6596,0.0000,0.0000,42,0.0000,0.0000,18.1618,,,,,,,,,,,,,,,,,,,,,,,,,,,,,,,,,,,,,,,,,,,,,,,,,,,,,,
OSPF,236,4,2,4→2,1,7.3656,0,,0.0567,0.1145,0.0000,4→2,7.3656,27.2070,0.0000,0.0000,21,0.0000,0.0000,0.0000,,,,,,,,,,,,,,,,,,,,,,,,,,,,,,,,,,,,,,,,,,,,,,,,,,,,,,,,,,,,,,,
OSPF,237,3,2,3→5→4→2,3,6.0323,0,,0.0597,0.1195,0.0000,3→5,1.8370,129.0149,0.0000,0.0000,77,0.0000,0.0000,0.0000,5→4,1.3315,139.8215,0.0000,0.0000,64,0.0000,0.0000,0.0000,4→2,2.8638,130.0373,0.0000,0.0000,59,0.0000,0.0000,0.0000,,,,,,,,,,,,,,,,,,,,,,,,,,,,,,,,,,,,,,,,,,,,,
OSPF,238,7,4,7→6→4,2,7.6473,1,,0.0546,0.1392,15.9035,7→6,6.1922,112.8380,0.0000,0.0000,95,0.0000,0.0000,0.0000,6→4,1.4551,111.9821,0.0000,0.0000,33,0.0000,0.0000,15.9035,,,,,,,,,,,,,,,,,,,,,,,,,,,,,,,,,,,,,,,,,,,,,,,,,,,,,,
OSPF,239,4,0,4→2→0,2,10.2204,0,,0.0559,0.0943,0.0000,4→2,9.1525,34.1273,0.0000,0.0000,20,0.0000,0.0000,0.0000,2→0,1.0679,196.0963,0.0000,0.0000,22,0.0000,0.0000,0.0000,,,,,,,,,,,,,,,,,,,,,,,,,,,,,,,,,,,,,,,,,,,,,,,,,,,,,,
OSPF,240,2,1,2→1,1,2.8851,0,,0.0462,0.0499,0.0000,2→1,2.8851,114.9359,0.0000,0.0000,43,0.0000,0.0000,0.0000,,,,,,,,,,,,,,,,,,,,,,,,,,,,,,,,,,,,,,,,,,,,,,,,,,,,,,,,,,,,,,,
OSPF,241,7,2,7→5→4→2,3,10.6177,0,,0.0347,0.0739,0.0000,7→5,5.8211,79.1860,0.0000,0.0000,49,0.0000,0.0000,0.0000,5→4,3.5036,62.4673,0.0000,0.0000,24,0.0000,0.0000,0.0000,4→2,1.2930,191.1206,0.0000,0.0000,92,0.0000,0.0000,0.0000,,,,,,,,,,,,,,,,,,,,,,,,,,,,,,,,,,,,,,,,,,,,,
OSPF,242,7,1,7→6→4→1,3,11.4901,0,,0.0353,0.1028,0.0000,7→6,1.4577,114.5348,0.0000,0.0000,34,0.0000,0.0000,0.0000,6→4,4.0999,122.4673,0.0000,0.0000,66,0.0000,0.0000,0.0000,4→1,5.9324,36.5523,0.0000,0.0000,62,0.0000,0.0000,0.0000,,,,,,,,,,,,,,,,,,,,,,,,,,,,,,,,,,,,,,,,,,,,,
OSPF,243,5,2,5→4→2,2,5.5905,0,,0.0336,0.0485,0.0000,5→4,3.2042,51.7967,0.0000,0.0000,29,0.0000,0.0000,0.0000,4→2,2.3863,46.0293,0.0000,0.0000,83,0.0000,0.0000,0.0000,,,,,,,,,,,,,,,,,,,,,,,,,,,,,,,,,,,,,,,,,,,,,,,,,,,,,,
OSPF,244,7,5,7→5,1,1.4890,0,,0.0814,0.1324,0.0000,7→5,1.4890,157.3509,0.0000,0.0000,63,0.0000,0.0000,0.0000,,,,,,,,,,,,,,,,,,,,,,,,,,,,,,,,,,,,,,,,,,,,,,,,,,,,,,,,,,,,,,,
OSPF,245,7,1,7→6→2→1,3,13.8317,0,,0.0308,0.0655,0.0000,7→6,8.2455,172.1507,0.0000,0.0000,70,0.0000,0.0000,0.0000,6→2,1.1883,174.6505,0.0000,0.0000,30,0.0000,0.0000,0.0000,2→1,4.3978,169.2217,0.0000,0.0000,39,0.0000,0.0000,0.0000,,,,,,,,,,,,,,,,,,,,,,,,,,,,,,,,,,,,,,,,,,,,,
OSPF,246,0,5,0→2→4→5,3,8.3454,0,,0.0361,0.0877,0.0000,0→2,3.2053,136.0503,0.0000,0.0000,26,0.0000,0.0000,0.0000,2→4,2.3333,143.2098,0.0000,0.0000,95,0.0000,0.0000,0.0000,4→5,2.8068,73.3458,0.0000,0.0000,67,0.0000,0.0000,0.0000,,,,,,,,,,,,,,,,,,,,,,,,,,,,,,,,,,,,,,,,,,,,,
OSPF,247,4,2,4→2,1,3.4688,0,,0.0738,0.1438,0.0000,4→2,3.4688,35.6489,0.0000,0.0000,26,0.0000,0.0000,0.0000,,,,,,,,,,,,,,,,,,,,,,,,,,,,,,,,,,,,,,,,,,,,,,,,,,,,,,,,,,,,,,,
OSPF,248,6,5,6→2→4→5,3,10.4496,0,,0.0157,0.0097,0.0000,6→2,3.4213,141.3376,0.0000,0.0000,93,0.0000,0.0000,0.0000,2→4,3.7551,69.0807,0.0000,0.0000,48,0.0000,0.0000,0.0000,4→5,3.2731,41.4797,0.0000,0.0000,25,0.0000,0.0000,0.0000,,,,,,,,,,,,,,,,,,,,,,,,,,,,,,,,,,,,,,,,,,,,,
OSPF,249,5,4,5→4,1,1.5098,0,,0.0532,0.0730,0.0000,5→4,1.5098,140.7700,0.0000,0.0000,62,0.0000,0.0000,0.0000,,,,,,,,,,,,,,,,,,,,,,,,,,,,,,,,,,,,,,,,,,,,,,,,,,,,,,,,,,,,,,,
OSPF,250,4,5,4→5,1,5.8511,0,,0.0440,0.1136,0.0000,4→5,5.8511,34.2842,0.0000,0.0000,29,0.0000,0.0000,0.0000,,,,,,,,,,,,,,,,,,,,,,,,,,,,,,,,,,,,,,,,,,,,,,,,,,,,,,,,,,,,,,,
OSPF,251,3,7,3→4→6→7,3,10.3692,1,,0.0375,0.0577,18.5486,3→4,1.8194,65.0983,0.0000,0.0000,81,0.0000,0.0000,0.0000,4→6,5.1490,63.3456,0.0000,0.0000,25,0.0000,0.0000,18.5486,6→7,3.4008,101.8135,0.0000,0.0000,75,0.0000,0.0000,0.0000,,,,,,,,,,,,,,,,,,,,,,,,,,,,,,,,,,,,,,,,,,,,,
OSPF,252,1,6,1→2→6,2,5.6062,1,,0.0402,0.0705,54.6750,1→2,3.4852,121.4961,0.0000,0.0000,51,0.0000,0.0000,0.0000,2→6,2.1210,101.6814,0.0000,0.0000,29,0.0000,0.0000,54.6750,,,,,,,,,,,,,,,,,,,,,,,,,,,,,,,,,,,,,,,,,,,,,,,,,,,,,,
OSPF,253,7,6,7→6,1,8.5910,0,,0.0677,0.1093,0.0000,7→6,8.5910,46.8159,0.0000,0.0000,43,0.0000,0.0000,0.0000,,,,,,,,,,,,,,,,,,,,,,,,,,,,,,,,,,,,,,,,,,,,,,,,,,,,,,,,,,,,,,,
OSPF,254,6,1,6→4→1,2,10.4305,0,,0.0556,0.0879,0.0000,6→4,6.1896,27.9743,0.0000,0.0000,25,0.0000,0.0000,0.0000,4→1,4.2409,46.5574,0.0000,0.0000,66,0.0000,0.0000,0.0000,,,,,,,,,,,,,,,,,,,,,,,,,,,,,,,,,,,,,,,,,,,,,,,,,,,,,,
OSPF,255,1,3,1→3,1,1.6717,0,,0.0583,0.1243,0.0000,1→3,1.6717,81.9749,0.0000,0.0000,39,0.0000,0.0000,0.0000,,,,,,,,,,,,,,,,,,,,,,,,,,,,,,,,,,,,,,,,,,,,,,,,,,,,,,,,,,,,,,,
OSPF,256,2,6,2→6,1,7.9201,0,,0.0418,0.0521,0.0000,2→6,7.9201,165.0196,0.0000,0.0000,90,0.0000,0.0000,0.0000,,,,,,,,,,,,,,,,,,,,,,,,,,,,,,,,,,,,,,,,,,,,,,,,,,,,,,,,,,,,,,,
OSPF,257,2,6,2→6,1,7.6419,0,,0.0778,0.1886,0.0000,2→6,7.6419,96.6980,0.0000,0.0000,94,0.0000,0.0000,0.0000,,,,,,,,,,,,,,,,,,,,,,,,,,,,,,,,,,,,,,,,,,,,,,,,,,,,,,,,,,,,,,,
OSPF,258,2,4,2→1→4,2,3.9336,0,,0.0408,0.0678,0.0000,2→1,1.0726,153.4401,0.0000,0.0000,79,0.0000,0.0000,0.0000,1→4,2.8609,43.8136,0.0000,0.0000,32,0.0000,0.0000,0.0000,,,,,,,,,,,,,,,,,,,,,,,,,,,,,,,,,,,,,,,,,,,,,,,,,,,,,,
OSPF,259,6,4,6→4,1,3.8096,0,,0.0417,0.1149,0.0000,6→4,3.8096,95.4764,0.0000,0.0000,21,0.0000,0.0000,0.0000,,,,,,,,,,,,,,,,,,,,,,,,,,,,,,,,,,,,,,,,,,,,,,,,,,,,,,,,,,,,,,,
OSPF,260,4,1,4→6→2→1,3,8.9395,1,,0.0461,0.0922,44.4731,4→6,3.6061,151.0490,0.0000,0.0000,95,0.0000,0.0000,0.0000,6→2,3.3853,107.4126,0.0000,0.0000,51,0.0000,0.0000,26.9255,2→1,1.9481,135.8894,0.0000,0.0000,78,0.0000,0.0000,17.5475,,,,,,,,,,,,,,,,,,,,,,,,,,,,,,,,,,,,,,,,,,,,,
OSPF,261,5,4,5→4,1,3.8728,0,,0.0290,0.0490,0.0000,5→4,3.8728,76.7429,0.0000,0.0000,35,0.0000,0.0000,0.0000,,,,,,,,,,,,,,,,,,,,,,,,,,,,,,,,,,,,,,,,,,,,,,,,,,,,,,,,,,,,,,,
OSPF,262,7,2,7→6→2,2,8.6118,1,,0.0783,0.1378,9.0794,7→6,5.9904,82.8215,0.0000,0.0000,44,0.0000,0.0000,0.0000,6→2,2.6214,38.4758,5.5242,0.1436,44,0.0000,0.0000,9.0794,,,,,,,,,,,,,,,,,,,,,,,,,,,,,,,,,,,,,,,,,,,,,,,,,,,,,,
OSPF,263,3,1,3→1,1,7.5446,0,,0.0441,0.1214,0.0000,3→1,7.5446,152.8176,0.0000,0.0000,31,0.0000,0.0000,0.0000,,,,,,,,,,,,,,,,,,,,,,,,,,,,,,,,,,,,,,,,,,,,,,,,,,,,,,,,,,,,,,,
OSPF,264,2,3,2→4→3,2,6.2691,0,,0.0470,0.0968,0.0000,2→4,2.9419,142.9649,0.0000,0.0000,72,0.0000,0.0000,0.0000,4→3,3.3272,191.8444,0.0000,0.0000,84,0.0000,0.0000,0.0000,,,,,,,,,,,,,,,,,,,,,,,,,,,,,,,,,,,,,,,,,,,,,,,,,,,,,,
OSPF,265,5,6,5→4→6,2,15.5458,0,,0.0619,0.1550,0.0000,5→4,8.9890,170.0643,0.0000,0.0000,46,0.0000,0.0000,0.0000,4→6,6.5569,115.7375,0.0000,0.0000,82,0.0000,0.0000,0.0000,,,,,,,,,,,,,,,,,,,,,,,,,,,,,,,,,,,,,,,,,,,,,,,,,,,,,,
OSPF,266,5,2,5→7→6→2,3,10.3671,0,,0.0508,0.1120,0.0000,5→7,2.8144,26.2031,0.0000,0.0000,53,0.0000,0.0000,0.0000,7→6,1.3871,98.2589,0.0000,0.0000,77,0.0000,0.0000,0.0000,6→2,6.1656,115.7678,0.0000,0.0000,54,0.0000,0.0000,0.0000,,,,,,,,,,,,,,,,,,,,,,,,,,,,,,,,,,,,,,,,,,,,,
OSPF,267,0,2,0→2,1,1.7705,0,,0.0723,0.1571,0.0000,0→2,1.7705,100.7767,0.0000,0.0000,36,0.0000,0.0000,0.0000,,,,,,,,,,,,,,,,,,,,,,,,,,,,,,,,,,,,,,,,,,,,,,,,,,,,,,,,,,,,,,,
OSPF,268,5,0,5→7→6→2→0,4,10.0600,1,,0.0317,0.0565,1.8756,5→7,1.4252,120.3977,0.0000,0.0000,24,0.0000,0.0000,1.8756,7→6,1.0204,157.5980,0.0000,0.0000,92,0.0000,0.0000,0.0000,6→2,5.6266,151.9421,0.0000,0.0000,71,0.0000,0.0000,0.0000,2→0,1.9878,108.5668,0.0000,0.0000,78,0.0000,0.0000,0.0000,,,,,,,,,,,,,,,,,,,,,,,,,,,,,,,,,,,,
OSPF,269,0,4,0→1→4,2,10.7201,0,,0.0345,0.0828,0.0000,0→1,7.8968,60.1663,0.0000,0.0000,54,0.0000,0.0000,0.0000,1→4,2.8233,179.2062,0.0000,0.0000,46,0.0000,0.0000,0.0000,,,,,,,,,,,,,,,,,,,,,,,,,,,,,,,,,,,,,,,,,,,,,,,,,,,,,,
OSPF,270,2,3,2→4→3,2,12.3776,0,,0.0654,0.1250,0.0000,2→4,6.2066,128.0797,0.0000,0.0000,99,0.0000,0.0000,0.0000,4→3,6.1710,55.4768,0.0000,0.0000,91,0.0000,0.0000,0.0000,,,,,,,,,,,,,,,,,,,,,,,,,,,,,,,,,,,,,,,,,,,,,,,,,,,,,,
OSPF,271,0,3,0→1→3,2,13.6353,0,,0.0631,0.0601,0.0000,0→1,4.6069,46.4754,0.0000,0.0000,67,0.0000,0.0000,0.0000,1→3,9.0284,29.0771,19.7553,0.6794,80,0.0000,0.0000,0.0000,,,,,,,,,,,,,,,,,,,,,,,,,,,,,,,,,,,,,,,,,,,,,,,,,,,,,,
OSPF,272,5,0,5→4→2→0,3,14.7218,0,,0.0640,0.0971,0.0000,5→4,8.1658,67.1755,0.0000,0.0000,55,0.0000,0.0000,0.0000,4→2,2.5523,84.3892,0.0000,0.0000,35,0.0000,0.0000,0.0000,2→0,4.0037,191.7379,0.0000,0.0000,56,0.0000,0.0000,0.0000,,,,,,,,,,,,,,,,,,,,,,,,,,,,,,,,,,,,,,,,,,,,,
OSPF,273,2,0,2→0,1,8.6326,0,,0.0664,0.1401,0.0000,2→0,8.6326,64.6857,0.0000,0.0000,55,0.0000,0.0000,0.0000,,,,,,,,,,,,,,,,,,,,,,,,,,,,,,,,,,,,,,,,,,,,,,,,,,,,,,,,,,,,,,,
OSPF,274,1,3,1→3,1,4.8052,0,,0.0680,0.1617,0.0000,1→3,4.8052,177.6629,0.0000,0.0000,49,0.0000,0.0000,0.0000,,,,,,,,,,,,,,,,,,,,,,,,,,,,,,,,,,,,,,,,,,,,,,,,,,,,,,,,,,,,,,,
OSPF,275,5,0,5→4→2→0,3,15.7084,1,,0.0374,0.0852,2.5973,5→4,6.5990,180.8294,0.0000,0.0000,79,0.0000,0.0000,0.0000,4→2,3.1848,48.5973,0.0000,0.0000,79,0.0000,0.0000,0.0000,2→0,5.9246,150.7181,13.1126,0.0870,46,0.0000,0.0000,2.5973,,,,,,,,,,,,,,,,,,,,,,,,,,,,,,,,,,,,,,,,,,,,,
OSPF,276,7,0,7→6→2→1→0,4,16.1490,1,,0.0328,0.1005,21.4212,7→6,8.8454,72.0746,0.0000,0.0000,95,0.0000,0.0000,0.0000,6→2,3.6037,80.5846,0.0000,0.0000,41,0.0000,0.0000,0.0000,2→1,2.3872,199.1097,0.0000,0.0000,58,0.0000,0.0000,0.0000,1→0,1.3127,169.7098,0.0000,0.0000,59,0.0000,0.0000,21.4212,,,,,,,,,,,,,,,,,,,,,,,,,,,,,,,,,,,,
OSPF,277,7,0,7→6→4→2→0,4,19.9150,1,,0.0627,0.0429,22.2020,7→6,5.5249,114.4288,0.0000,0.0000,62,0.0000,0.0000,0.0000,6→4,2.7116,106.0682,0.0000,0.0000,76,0.0000,0.0000,0.0000,4→2,4.6235,25.9944,24.4725,0.9415,71,0.0000,0.0000,22.2020,2→0,7.0550,97.4619,25.9944,0.2667,28,0.0000,0.0000,0.0000,,,,,,,,,,,,,,,,,,,,,,,,,,,,,,,,,,,,
OSPF,278,1,0,1→0,1,6.5122,0,,0.0789,0.2242,0.0000,1→0,6.5122,23.1204,0.0000,0.0000,49,0.0000,0.0000,0.0000,,,,,,,,,,,,,,,,,,,,,,,,,,,,,,,,,,,,,,,,,,,,,,,,,,,,,,,,,,,,,,,
OSPF,279,4,5,4→3→5,2,8.6843,0,,0.0528,0.0831,0.0000,4→3,2.7386,41.0270,0.0000,0.0000,42,0.0000,0.0000,0.0000,3→5,5.9457,192.4941,0.0000,0.0000,47,0.0000,0.0000,0.0000,,,,,,,,,,,,,,,,,,,,,,,,,,,,,,,,,,,,,,,,,,,,,,,,,,,,,,
OSPF,280,3,0,3→1→0,2,13.6370,1,,0.0533,0.0933,32.7434,3→1,7.1886,159.3789,0.0000,0.0000,38,0.0000,0.0000,13.8023,1→0,6.4484,166.9640,0.0000,0.0000,95,0.0000,0.0000,18.9411,,,,,,,,,,,,,,,,,,,,,,,,,,,,,,,,,,,,,,,,,,,,,,,,,,,,,,
OSPF,281,0,2,0→2,1,1.8750,0,,0.0426,0.1208,0.0000,0→2,1.8750,31.0489,0.0000,0.0000,92,0.0000,0.0000,0.0000,,,,,,,,,,,,,,,,,,,,,,,,,,,,,,,,,,,,,,,,,,,,,,,,,,,,,,,,,,,,,,,
OSPF,282,5,1,5→3→1,2,8.5100,1,,0.0451,0.0776,57.8645,5→3,7.3514,107.0644,0.0000,0.0000,51,0.0000,0.0000,0.0000,3→1,1.1586,80.8608,0.0000,0.0000,28,0.0000,0.0000,57.8645,,,,,,,,,,,,,,,,,,,,,,,,,,,,,,,,,,,,,,,,,,,,,,,,,,,,,,
OSPF,283,3,4,3→4,1,2.4480,1,,0.0663,0.1512,10.0000,3→4,2.4480,171.7741,0.0000,0.0000,43,0.0000,0.0000,10.0000,,,,,,,,,,,,,,,,,,,,,,,,,,,,,,,,,,,,,,,,,,,,,,,,,,,,,,,,,,,,,,,
OSPF,284,6,4,6→4,1,7.2173,0,,0.0818,0.2075,0.0000,6→4,7.2173,157.6021,0.0000,0.0000,76,0.0000,0.0000,0.0000,,,,,,,,,,,,,,,,,,,,,,,,,,,,,,,,,,,,,,,,,,,,,,,,,,,,,,,,,,,,,,,
OSPF,285,4,3,4→3,1,3.9453,1,,0.0450,0.1052,10.8394,4→3,3.9453,186.5918,0.0000,0.0000,35,0.0000,0.0000,10.8394,,,,,,,,,,,,,,,,,,,,,,,,,,,,,,,,,,,,,,,,,,,,,,,,,,,,,,,,,,,,,,,
OSPF,286,3,2,3→1→2,2,8.7544,1,,0.0341,0.0495,11.3844,3→1,3.8018,180.0004,0.0000,0.0000,26,0.0000,0.0000,11.0000,1→2,4.9526,187.9178,0.0000,0.0000,75,0.0000,0.0000,0.3844,,,,,,,,,,,,,,,,,,,,,,,,,,,,,,,,,,,,,,,,,,,,,,,,,,,,,,
OSPF,287,1,0,1→0,1,7.3514,0,,0.0487,0.1139,0.0000,1→0,7.3514,77.5846,0.0000,0.0000,94,0.0000,0.0000,0.0000,,,,,,,,,,,,,,,,,,,,,,,,,,,,,,,,,,,,,,,,,,,,,,,,,,,,,,,,,,,,,,,
OSPF,288,7,1,7→6→4→1,3,11.5907,1,,0.0471,0.1045,10.9304,7→6,3.8575,30.2744,0.0000,0.0000,46,0.0000,0.0000,0.0000,6→4,2.4894,195.8694,0.0000,0.0000,84,0.0000,0.0000,0.0000,4→1,5.2438,178.6979,0.0000,0.0000,28,0.0000,0.0000,10.9304,,,,,,,,,,,,,,,,,,,,,,,,,,,,,,,,,,,,,,,,,,,,,
OSPF,289,3,0,3→4→1→0,3,8.0256,0,,0.0275,0.0551,0.0000,3→4,1.7274,87.6109,0.0000,0.0000,85,0.0000,0.0000,0.0000,4→1,3.7707,42.9251,0.0000,0.0000,97,0.0000,0.0000,0.0000,1→0,2.5275,62.7259,0.0000,0.0000,25,0.0000,0.0000,0.0000,,,,,,,,,,,,,,,,,,,,,,,,,,,,,,,,,,,,,,,,,,,,,
OSPF,290,3,0,3→4→1→0,3,15.7233,0,,0.0315,0.0719,0.0000,3→4,2.0658,26.5968,0.0000,0.0000,60,0.0000,0.0000,0.0000,4→1,5.3922,56.3598,0.0000,0.0000,76,0.0000,0.0000,0.0000,1→0,8.2652,98.7647,0.0000,0.0000,88,0.0000,0.0000,0.0000,,,,,,,,,,,,,,,,,,,,,,,,,,,,,,,,,,,,,,,,,,,,,
OSPF,291,6,4,6→4,1,9.4134,0,,0.0470,0.0844,0.0000,6→4,9.4134,54.2292,0.0000,0.0000,89,0.0000,0.0000,0.0000,,,,,,,,,,,,,,,,,,,,,,,,,,,,,,,,,,,,,,,,,,,,,,,,,,,,,,,,,,,,,,,
OSPF,292,1,2,1→2,1,5.8057,0,,0.0490,0.1055,0.0000,1→2,5.8057,108.5836,0.0000,0.0000,63,0.0000,0.0000,0.0000,,,,,,,,,,,,,,,,,,,,,,,,,,,,,,,,,,,,,,,,,,,,,,,,,,,,,,,,,,,,,,,
OSPF,293,6,1,6→2→1,2,4.1277,0,,0.0715,0.1171,0.0000,6→2,1.9238,107.2177,0.0000,0.0000,51,0.0000,0.0000,0.0000,2→1,2.2039,69.9478,0.0000,0.0000,36,0.0000,0.0000,0.0000,,,,,,,,,,,,,,,,,,,,,,,,,,,,,,,,,,,,,,,,,,,,,,,,,,,,,,
OSPF,294,3,1,3→4→1,2,6.6506,0,,0.0407,0.0798,0.0000,3→4,4.1929,72.8517,0.0000,0.0000,88,0.0000,0.0000,0.0000,4→1,2.4577,39.2618,3.3552,0.0855,66,0.0000,0.0000,0.0000,,,,,,,,,,,,,,,,,,,,,,,,,,,,,,,,,,,,,,,,,,,,,,,,,,,,,,
OSPF,295,2,4,2→4,1,9.3501,0,,0.0946,0.1869,0.0000,2→4,9.3501,186.9987,0.0000,0.0000,68,0.0000,0.0000,0.0000,,,,,,,,,,,,,,,,,,,,,,,,,,,,,,,,,,,,,,,,,,,,,,,,,,,,,,,,,,,,,,,
OSPF,296,7,1,7→6→2→1,3,14.6503,0,,0.0386,0.0587,0.0000,7→6,4.3467,133.3723,0.0000,0.0000,73,0.0000,0.0000,0.0000,6→2,2.0005,116.3958,0.0000,0.0000,39,0.0000,0.0000,0.0000,2→1,8.3030,157.3620,0.0000,0.0000,93,0.0000,0.0000,0.0000,,,,,,,,,,,,,,,,,,,,,,,,,,,,,,,,,,,,,,,,,,,,,
OSPF,297,2,4,2→4,1,8.8575,0,,0.0594,0.1065,0.0000,2→4,8.8575,28.8232,0.0000,0.0000,20,0.0000,0.0000,0.0000,,,,,,,,,,,,,,,,,,,,,,,,,,,,,,,,,,,,,,,,,,,,,,,,,,,,,,,,,,,,,,,
OSPF,298,5,3,5→3,1,3.4140,0,,0.0852,0.1348,0.0000,5→3,3.4140,178.3170,0.0000,0.0000,82,0.0000,0.0000,0.0000,,,,,,,,,,,,,,,,,,,,,,,,,,,,,,,,,,,,,,,,,,,,,,,,,,,,,,,,,,,,,,,
OSPF,299,1,0,1→0,1,7.0437,0,,0.0299,0.0990,0.0000,1→0,7.0437,86.8556,0.0000,0.0000,27,0.0000,0.0000,0.0000,,,,,,,,,,,,,,,,,,,,,,,,,,,,,,,,,,,,,,,,,,,,,,,,,,,,,,,,,,,,,,,
OSPF,300,0,6,0→2→6,2,6.6626,1,,0.0349,0.0969,50.8150,0→2,2.9096,152.4639,0.0000,0.0000,31,0.0000,0.0000,12.0000,2→6,3.7530,117.4881,0.0000,0.0000,66,0.0000,0.0000,38.8150,,,,,,,,,,,,,,,,,,,,,,,,,,,,,,,,,,,,,,,,,,,,,,,,,,,,,,
OSPF,301,2,3,2→0→1→4→3,4,8.0268,0,,0.0151,0.0408,0.0000,2→0,2.7734,21.3881,0.0000,0.0000,67,0.0000,0.0000,0.0000,0→1,2.6925,169.9276,0.0000,0.0000,68,0.0000,0.0000,0.0000,1→4,1.2090,40.8904,0.0000,0.0000,39,0.0000,0.0000,0.0000,4→3,1.3520,23.3512,0.0000,0.0000,30,0.0000,0.0000,0.0000,,,,,,,,,,,,,,,,,,,,,,,,,,,,,,,,,,,,
OSPF,302,7,3,7→5→3,2,10.2487,1,,0.0168,0.0314,59.0858,7→5,3.1648,196.0561,0.0000,0.0000,98,0.0000,0.0000,0.0000,5→3,7.0839,176.7729,0.0000,0.0000,22,0.0000,0.0000,59.0858,,,,,,,,,,,,,,,,,,,,,,,,,,,,,,,,,,,,,,,,,,,,,,,,,,,,,,
OSPF,303,1,2,1→2,1,6.1486,0,,0.0444,0.0917,0.0000,1→2,6.1486,186.2332,0.0000,0.0000,21,0.0000,0.0000,0.0000,,,,,,,,,,,,,,,,,,,,,,,,,,,,,,,,,,,,,,,,,,,,,,,,,,,,,,,,,,,,,,,
OSPF,304,7,0,7→6→2→0,3,15.8757,0,,0.0339,0.0616,0.0000,7→6,1.8700,114.3488,0.0000,0.0000,22,0.0000,0.0000,0.0000,6→2,6.6925,58.7899,0.0000,0.0000,21,0.0000,0.0000,0.0000,2→0,7.3131,145.8898,0.0000,0.0000,29,0.0000,0.0000,0.0000,,,,,,,,,,,,,,,,,,,,,,,,,,,,,,,,,,,,,,,,,,,,,
OSPF,305,2,7,2→6→7,2,13.9884,0,,0.0495,0.0738,0.0000,2→6,6.7034,28.5690,0.0000,0.0000,51,0.0000,0.0000,0.0000,6→7,7.2850,112.4559,0.0000,0.0000,81,0.0000,0.0000,0.0000,,,,,,,,,,,,,,,,,,,,,,,,,,,,,,,,,,,,,,,,,,,,,,,,,,,,,,
OSPF,306,5,3,5→3,1,6.7610,0,,0.0617,0.1195,0.0000,5→3,6.7610,75.0552,0.0000,0.0000,51,0.0000,0.0000,0.0000,,,,,,,,,,,,,,,,,,,,,,,,,,,,,,,,,,,,,,,,,,,,,,,,,,,,,,,,,,,,,,,
OSPF,307,5,0,5→4→1→0,3,19.1880,0,,0.0404,0.1075,0.0000,5→4,4.0423,22.7642,0.0000,0.0000,44,0.0000,0.0000,0.0000,4→1,7.3811,143.8657,0.0000,0.0000,31,0.0000,0.0000,0.0000,1→0,7.7645,199.3432,0.0000,0.0000,30,0.0000,0.0000,0.0000,,,,,,,,,,,,,,,,,,,,,,,,,,,,,,,,,,,,,,,,,,,,,
OSPF,308,4,3,4→3,1,5.6505,0,,0.0420,0.0834,0.0000,4→3,5.6505,71.1199,0.0000,0.0000,76,0.0000,0.0000,0.0000,,,,,,,,,,,,,,,,,,,,,,,,,,,,,,,,,,,,,,,,,,,,,,,,,,,,,,,,,,,,,,,
OSPF,309,3,2,3→1→2,2,7.4462,0,,0.0816,0.1485,0.0000,3→1,5.8374,104.1407,0.0000,0.0000,58,0.0000,0.0000,0.0000,1→2,1.6088,101.5581,0.0000,0.0000,87,0.0000,0.0000,0.0000,,,,,,,,,,,,,,,,,,,,,,,,,,,,,,,,,,,,,,,,,,,,,,,,,,,,,,
OSPF,310,5,1,5→3→1,2,11.2763,0,,0.0580,0.1499,0.0000,5→3,3.5595,134.9569,0.0000,0.0000,74,0.0000,0.0000,0.0000,3→1,7.7168,184.9369,0.0000,0.0000,38,0.0000,0.0000,0.0000,,,,,,,,,,,,,,,,,,,,,,,,,,,,,,,,,,,,,,,,,,,,,,,,,,,,,,
OSPF,311,1,3,1→3,1,7.0107,0,,0.0515,0.0699,0.0000,1→3,7.0107,89.8958,0.0000,0.0000,76,0.0000,0.0000,0.0000,,,,,,,,,,,,,,,,,,,,,,,,,,,,,,,,,,,,,,,,,,,,,,,,,,,,,,,,,,,,,,,
OSPF,312,3,0,3→4→1→0,3,14.2330,0,,0.0306,0.0502,0.0000,3→4,2.2723,196.7325,0.0000,0.0000,77,0.0000,0.0000,0.0000,4→1,2.3731,77.6939,0.0000,0.0000,97,0.0000,0.0000,0.0000,1→0,9.5876,106.2379,0.0000,0.0000,95,0.0000,0.0000,0.0000,,,,,,,,,,,,,,,,,,,,,,,,,,,,,,,,,,,,,,,,,,,,,
OSPF,313,6,7,6→7,1,4.9563,0,,0.0483,0.1259,0.0000,6→7,4.9563,79.6619,0.0000,0.0000,89,0.0000,0.0000,0.0000,,,,,,,,,,,,,,,,,,,,,,,,,,,,,,,,,,,,,,,,,,,,,,,,,,,,,,,,,,,,,,,
OSPF,314,4,5,4→5,1,4.5565,0,,0.0438,0.0769,0.0000,4→5,4.5565,21.4399,0.0000,0.0000,97,0.0000,0.0000,0.0000,,,,,,,,,,,,,,,,,,,,,,,,,,,,,,,,,,,,,,,,,,,,,,,,,,,,,,,,,,,,,,,
OSPF,315,3,2,3→4→2,2,13.8885,0,,0.0371,0.0874,0.0000,3→4,4.0929,143.0939,0.0000,0.0000,81,0.0000,0.0000,0.0000,4→2,9.7956,113.4092,0.0000,0.0000,44,0.0000,0.0000,0.0000,,,,,,,,,,,,,,,,,,,,,,,,,,,,,,,,,,,,,,,,,,,,,,,,,,,,,,
OSPF,316,6,1,6→4→1,2,3.3054,0,,0.0507,0.0659,0.0000,6→4,1.9153,96.7607,0.0000,0.0000,73,0.0000,0.0000,0.0000,4→1,1.3901,179.0081,0.0000,0.0000,79,0.0000,0.0000,0.0000,,,,,,,,,,,,,,,,,,,,,,,,,,,,,,,,,,,,,,,,,,,,,,,,,,,,,,
OSPF,317,0,3,0→2→4→3,3,11.3535,1,,0.0327,0.0641,40.9486,0→2,3.2493,52.7439,0.0000,0.0000,83,0.0000,0.0000,0.0000,2→4,6.7514,182.6988,0.0000,0.0000,77,0.0000,0.0000,0.0000,4→3,1.3528,74.2313,0.0000,0.0000,38,0.0000,0.0000,40.9486,,,,,,,,,,,,,,,,,,,,,,,,,,,,,,,,,,,,,,,,,,,,,
OSPF,318,0,4,0→2→4,2,10.2977,0,,0.0497,0.1014,0.0000,0→2,4.3119,173.9834,0.0000,0.0000,96,0.0000,0.0000,0.0000,2→4,5.9858,79.0041,0.0000,0.0000,69,0.0000,0.0000,0.0000,,,,,,,,,,,,,,,,,,,,,,,,,,,,,,,,,,,,,,,,,,,,,,,,,,,,,,
OSPF,319,1,0,1→0,1,2.1731,0,,0.0570,0.1025,0.0000,1→0,2.1731,148.3550,0.0000,0.0000,40,0.0000,0.0000,0.0000,,,,,,,,,,,,,,,,,,,,,,,,,,,,,,,,,,,,,,,,,,,,,,,,,,,,,,,,,,,,,,,
OSPF,320,6,4,6→4,1,4.3732,0,,0.0248,0.0524,0.0000,6→4,4.3732,85.0294,0.0000,0.0000,44,0.0000,0.0000,0.0000,,,,,,,,,,,,,,,,,,,,,,,,,,,,,,,,,,,,,,,,,,,,,,,,,,,,,,,,,,,,,,,
OSPF,321,3,5,3→1→4→5,3,9.1366,0,,0.0549,0.1123,0.0000,3→1,1.9925,158.6994,0.0000,0.0000,35,0.0000,0.0000,0.0000,1→4,3.1909,37.4286,0.0000,0.0000,46,0.0000,0.0000,0.0000,4→5,3.9532,109.5299,7.2310,0.0660,94,0.0000,0.0000,0.0000,,,,,,,,,,,,,,,,,,,,,,,,,,,,,,,,,,,,,,,,,,,,,
OSPF,322,4,6,4→6,1,4.5408,0,,0.0493,0.0969,0.0000,4→6,4.5408,50.8651,0.0000,0.0000,97,0.0000,0.0000,0.0000,,,,,,,,,,,,,,,,,,,,,,,,,,,,,,,,,,,,,,,,,,,,,,,,,,,,,,,,,,,,,,,
OSPF,323,0,7,0→2→6→7,3,16.4161,1,,0.0308,0.0560,15.7551,0→2,4.9191,82.7073,0.0000,0.0000,99,0.0000,0.0000,0.0000,2→6,3.8610,109.3762,0.0000,0.0000,59,0.0000,0.0000,0.0000,6→7,7.6360,118.7429,0.0000,0.0000,34,0.0000,0.0000,15.7551,,,,,,,,,,,,,,,,,,,,,,,,,,,,,,,,,,,,,,,,,,,,,
OSPF,324,3,4,3→4,1,1.4746,0,,0.0551,0.1252,0.0000,3→4,1.4746,63.5877,0.0000,0.0000,27,0.0000,0.0000,0.0000,,,,,,,,,,,,,,,,,,,,,,,,,,,,,,,,,,,,,,,,,,,,,,,,,,,,,,,,,,,,,,,
OSPF,325,6,1,6→7→5→3→1,4,10.5926,0,,0.0462,0.1130,0.0000,6→7,2.5308,81.3289,0.0000,0.0000,40,0.0000,0.0000,0.0000,7→5,4.0583,31.3237,0.0000,0.0000,25,0.0000,0.0000,0.0000,5→3,1.9206,196.2407,0.0000,0.0000,29,0.0000,0.0000,0.0000,3→1,2.0829,97.5700,0.0000,0.0000,59,0.0000,0.0000,0.0000,,,,,,,,,,,,,,,,,,,,,,,,,,,,,,,,,,,,
OSPF,326,7,2,7→6→2,2,7.4044,0,,0.0697,0.1172,0.0000,7→6,3.4972,68.0447,0.0000,0.0000,94,0.0000,0.0000,0.0000,6→2,3.9071,107.7883,0.0000,0.0000,29,0.0000,0.0000,0.0000,,,,,,,,,,,,,,,,,,,,,,,,,,,,,,,,,,,,,,,,,,,,,,,,,,,,,,
OSPF,327,7,5,7→5,1,2.9655,0,,0.0762,0.1020,0.0000,7→5,2.9655,124.9988,0.0000,0.0000,20,0.0000,0.0000,0.0000,,,,,,,,,,,,,,,,,,,,,,,,,,,,,,,,,,,,,,,,,,,,,,,,,,,,,,,,,,,,,,,
OSPF,328,5,6,5→4→6,2,2.9951,0,,0.0446,0.0878,0.0000,5→4,1.3580,198.0172,0.0000,0.0000,55,0.0000,0.0000,0.0000,4→6,1.6371,126.2131,0.0000,0.0000,27,0.0000,0.0000,0.0000,,,,,,,,,,,,,,,,,,,,,,,,,,,,,,,,,,,,,,,,,,,,,,,,,,,,,,
OSPF,329,2,6,2→6,1,5.2347,0,,0.0651,0.0994,0.0000,2→6,5.2347,120.9447,0.0000,0.0000,78,0.0000,0.0000,0.0000,,,,,,,,,,,,,,,,,,,,,,,,,,,,,,,,,,,,,,,,,,,,,,,,,,,,,,,,,,,,,,,
OSPF,330,2,3,2→1→3,2,6.2444,1,,0.0351,0.0664,45.3360,2→1,4.6529,163.5483,0.0000,0.0000,87,0.0000,0.0000,0.0000,1→3,1.5916,69.3126,0.0000,0.0000,50,0.0000,0.0000,45.3360,,,,,,,,,,,,,,,,,,,,,,,,,,,,,,,,,,,,,,,,,,,,,,,,,,,,,,
OSPF,331,7,3,7→5→3,2,11.0756,0,,0.0790,0.0975,0.0000,7→5,2.7645,146.3073,0.0000,0.0000,93,0.0000,0.0000,0.0000,5→3,8.3112,29.9238,29.9238,1.0000,87,11.1078,0.1277,0.0000,,,,,,,,,,,,,,,,,,,,,,,,,,,,,,,,,,,,,,,,,,,,,,,,,,,,,,
OSPF,332,4,2,4→1→2,2,4.2485,0,,0.0424,0.0747,0.0000,4→1,1.0163,148.9350,0.0000,0.0000,46,0.0000,0.0000,0.0000,1→2,3.2322,27.0163,4.6013,0.1703,68,0.0000,0.0000,0.0000,,,,,,,,,,,,,,,,,,,,,,,,,,,,,,,,,,,,,,,,,,,,,,,,,,,,,,
OSPF,333,4,1,4→1,1,6.2260,0,,0.0690,0.1832,0.0000,4→1,6.2260,110.0609,0.0000,0.0000,59,0.0000,0.0000,0.0000,,,,,,,,,,,,,,,,,,,,,,,,,,,,,,,,,,,,,,,,,,,,,,,,,,,,,,,,,,,,,,,
OSPF,334,5,2,5→7→6→2,3,6.6827,0,,0.0349,0.0855,0.0000,5→7,3.1605,120.8892,0.0000,0.0000,26,0.0000,0.0000,0.0000,7→6,2.2254,72.9653,0.0000,0.0000,99,0.0000,0.0000,0.0000,6→2,1.2968,44.5787,0.0000,0.0000,82,0.0000,0.0000,0.0000,,,,,,,,,,,,,,,,,,,,,,,,,,,,,,,,,,,,,,,,,,,,,
OSPF,335,0,4,0→2→4,2,7.8046,0,,0.0521,0.1238,0.0000,0→2,1.2914,105.6095,0.0000,0.0000,47,0.0000,0.0000,0.0000,2→4,6.5132,195.0689,0.0000,0.0000,92,0.0000,0.0000,0.0000,,,,,,,,,,,,,,,,,,,,,,,,,,,,,,,,,,,,,,,,,,,,,,,,,,,,,,
OSPF,336,0,6,0→2→6,2,3.9737,0,,0.0472,0.0820,0.0000,0→2,1.1632,52.2544,0.0000,0.0000,86,0.0000,0.0000,0.0000,2→6,2.8106,59.0098,0.0000,0.0000,99,0.0000,0.0000,0.0000,,,,,,,,,,,,,,,,,,,,,,,,,,,,,,,,,,,,,,,,,,,,,,,,,,,,,,
OSPF,337,7,0,7→6→2→0,3,13.3436,1,,0.0263,0.0792,14.5288,7→6,2.6303,180.5048,0.0000,0.0000,91,0.0000,0.0000,0.0000,6→2,6.7861,80.7278,0.0000,0.0000,69,0.0000,0.0000,6.6864,2→0,3.9273,189.1844,0.0000,0.0000,64,0.0000,0.0000,7.8425,,,,,,,,,,,,,,,,,,,,,,,,,,,,,,,,,,,,,,,,,,,,,
OSPF,338,7,2,7→6→2,2,12.9790,0,,0.0485,0.0842,0.0000,7→6,3.7840,23.6962,0.0000,0.0000,68,0.0000,0.0000,0.0000,6→2,9.1950,59.1714,0.0000,0.0000,44,0.0000,0.0000,0.0000,,,,,,,,,,,,,,,,,,,,,,,,,,,,,,,,,,,,,,,,,,,,,,,,,,,,,,
OSPF,339,5,0,5→7→6→2→0,4,16.1214,0,,0.0459,0.1295,0.0000,5→7,3.4485,144.6179,0.0000,0.0000,90,0.0000,0.0000,0.0000,7→6,4.4087,124.7378,0.0000,0.0000,30,0.0000,0.0000,0.0000,6→2,5.8251,180.1095,0.0000,0.0000,78,0.0000,0.0000,0.0000,2→0,2.4391,177.0946,0.0000,0.0000,45,0.0000,0.0000,0.0000,,,,,,,,,,,,,,,,,,,,,,,,,,,,,,,,,,,,
OSPF,340,1,5,1→3→5,2,8.8140,0,,0.0557,0.1261,0.0000,1→3,3.3094,57.7586,0.0000,0.0000,20,0.0000,0.0000,0.0000,3→5,5.5047,26.1689,0.0000,0.0000,31,0.0000,0.0000,0.0000,,,,,,,,,,,,,,,,,,,,,,,,,,,,,,,,,,,,,,,,,,,,,,,,,,,,,,
OSPF,341,2,4,2→4,1,6.4910,1,,0.0653,0.1856,9.0000,2→4,6.4910,168.3586,0.0000,0.0000,28,0.0000,0.0000,9.0000,,,,,,,,,,,,,,,,,,,,,,,,,,,,,,,,,,,,,,,,,,,,,,,,,,,,,,,,,,,,,,,
OSPF,342,1,6,1→2→6,2,14.1757,0,,0.0591,0.1240,0.0000,1→2,9.5298,37.5983,0.0000,0.0000,67,0.0000,0.0000,0.0000,2→6,4.6459,154.8284,0.0000,0.0000,61,0.0000,0.0000,0.0000,,,,,,,,,,,,,,,,,,,,,,,,,,,,,,,,,,,,,,,,,,,,,,,,,,,,,,
OSPF,343,0,4,0→1→4,2,14.4528,0,,0.0695,0.1507,0.0000,0→1,8.9766,146.2528,0.0000,0.0000,23,0.0000,0.0000,0.0000,1→4,5.4763,89.9270,0.0000,0.0000,55,0.0000,0.0000,0.0000,,,,,,,,,,,,,,,,,,,,,,,,,,,,,,,,,,,,,,,,,,,,,,,,,,,,,,
OSPF,344,5,3,5→3,1,7.2692,0,,0.0634,0.1425,0.0000,5→3,7.2692,188.4737,0.0000,0.0000,85,0.0000,0.0000,0.0000,,,,,,,,,,,,,,,,,,,,,,,,,,,,,,,,,,,,,,,,,,,,,,,,,,,,,,,,,,,,,,,
OSPF,345,0,2,0→2,1,8.8494,0,,0.0684,0.1603,0.0000,0→2,8.8494,182.0257,0.0000,0.0000,70,0.0000,0.0000,0.0000,,,,,,,,,,,,,,,,,,,,,,,,,,,,,,,,,,,,,,,,,,,,,,,,,,,,,,,,,,,,,,,
OSPF,346,0,1,0→1,1,2.3640,0,,0.0610,0.1239,0.0000,0→1,2.3640,51.9298,0.0000,0.0000,76,0.0000,0.0000,0.0000,,,,,,,,,,,,,,,,,,,,,,,,,,,,,,,,,,,,,,,,,,,,,,,,,,,,,,,,,,,,,,,
OSPF,347,6,5,6→7→5,2,13.8867,1,,0.0418,0.0813,7.1698,6→7,6.8319,69.7656,0.0000,0.0000,81,0.0000,0.0000,0.0000,7→5,7.0547,183.0967,0.0000,0.0000,38,0.0000,0.0000,7.1698,,,,,,,,,,,,,,,,,,,,,,,,,,,,,,,,,,,,,,,,,,,,,,,,,,,,,,
OSPF,348,1,4,1→4,1,1.1882,0,,0.0476,0.0985,0.0000,1→4,1.1882,88.3126,0.0000,0.0000,58,0.0000,0.0000,0.0000,,,,,,,,,,,,,,,,,,,,,,,,,,,,,,,,,,,,,,,,,,,,,,,,,,,,,,,,,,,,,,,
OSPF,349,4,6,4→6,1,1.8805,1,,0.0574,0.1608,2.6364,4→6,1.8805,179.1806,0.0000,0.0000,53,0.0000,0.0000,2.6364,,,,,,,,,,,,,,,,,,,,,,,,,,,,,,,,,,,,,,,,,,,,,,,,,,,,,,,,,,,,,,,
OSPF,350,3,2,3→1→2,2,4.8469,0,,0.0527,0.0918,0.0000,3→1,1.0780,96.3068,0.0000,0.0000,48,0.0000,0.0000,0.0000,1→2,3.7689,92.0840,0.0000,0.0000,54,0.0000,0.0000,0.0000,,,,,,,,,,,,,,,,,,,,,,,,,,,,,,,,,,,,,,,,,,,,,,,,,,,,,,
OSPF,351,2,0,2→0,1,5.3042,0,,0.0364,0.0675,0.0000,2→0,5.3042,42.8260,0.0000,0.0000,75,0.0000,0.0000,0.0000,,,,,,,,,,,,,,,,,,,,,,,,,,,,,,,,,,,,,,,,,,,,,,,,,,,,,,,,,,,,,,,
OSPF,352,1,6,1→4→6,2,8.3741,0,,0.0218,0.0335,0.0000,1→4,7.1658,52.2394,0.0000,0.0000,62,0.0000,0.0000,0.0000,4→6,1.2083,110.6015,0.0000,0.0000,81,0.0000,0.0000,0.0000,,,,,,,,,,,,,,,,,,,,,,,,,,,,,,,,,,,,,,,,,,,,,,,,,,,,,,
OSPF,353,4,3,4→3,1,1.0660,0,,0.0847,0.1532,0.0000,4→3,1.0660,197.0078,0.0000,0.0000,69,0.0000,0.0000,0.0000,,,,,,,,,,,,,,,,,,,,,,,,,,,,,,,,,,,,,,,,,,,,,,,,,,,,,,,,,,,,,,,
OSPF,354,4,6,4→2→6,2,3.1914,0,,0.0679,0.1146,0.0000,4→2,1.6410,191.8864,0.0000,0.0000,88,0.0000,0.0000,0.0000,2→6,1.5504,134.2319,0.0000,0.0000,58,0.0000,0.0000,0.0000,,,,,,,,,,,,,,,,,,,,,,,,,,,,,,,,,,,,,,,,,,,,,,,,,,,,,,
OSPF,355,3,7,3→4→6→7,3,10.9151,0,,0.0383,0.0747,0.0000,3→4,3.7798,21.3389,0.0000,0.0000,96,0.0000,0.0000,0.0000,4→6,2.7960,198.8621,0.0000,0.0000,23,0.0000,0.0000,0.0000,6→7,4.3393,192.3571,0.0000,0.0000,76,0.0000,0.0000,0.0000,,,,,,,,,,,,,,,,,,,,,,,,,,,,,,,,,,,,,,,,,,,,,
OSPF,356,1,3,1→4→3,2,5.5263,0,,0.0348,0.0412,0.0000,1→4,2.4670,181.5885,0.0000,0.0000,98,0.0000,0.0000,0.0000,4→3,3.0592,180.5593,0.0000,0.0000,77,0.0000,0.0000,0.0000,,,,,,,,,,,,,,,,,,,,,,,,,,,,,,,,,,,,,,,,,,,,,,,,,,,,,,
OSPF,357,4,2,4→2,1,5.4688,1,,0.0426,0.0633,0.0460,4→2,5.4688,31.0017,0.0000,0.0000,22,0.0000,0.0000,0.0460,,,,,,,,,,,,,,,,,,,,,,,,,,,,,,,,,,,,,,,,,,,,,,,,,,,,,,,,,,,,,,,
OSPF,358,3,7,3→5→7,2,18.0647,0,,0.0502,0.0648,0.0000,3→5,9.9356,25.0367,0.0000,0.0000,33,0.0000,0.0000,0.0000,5→7,8.1291,122.6301,0.0000,0.0000,96,0.0000,0.0000,0.0000,,,,,,,,,,,,,,,,,,,,,,,,,,,,,,,,,,,,,,,,,,,,,,,,,,,,,,
OSPF,359,7,6,7→6,1,6.2221,0,,0.0543,0.1372,0.0000,7→6,6.2221,154.5410,0.0000,0.0000,54,0.0000,0.0000,0.0000,,,,,,,,,,,,,,,,,,,,,,,,,,,,,,,,,,,,,,,,,,,,,,,,,,,,,,,,,,,,,,,
OSPF,360,6,1,6→2→1,2,7.2217,0,,0.0407,0.0569,0.0000,6→2,4.3743,81.9419,0.0000,0.0000,82,0.0000,0.0000,0.0000,2→1,2.8474,40.6892,0.0000,0.0000,59,0.0000,0.0000,0.0000,,,,,,,,,,,,,,,,,,,,,,,,,,,,,,,,,,,,,,,,,,,,,,,,,,,,,,
OSPF,361,3,1,3→1,1,1.7290,0,,0.0821,0.1404,0.0000,3→1,1.7290,167.5016,0.0000,0.0000,20,0.0000,0.0000,0.0000,,,,,,,,,,,,,,,,,,,,,,,,,,,,,,,,,,,,,,,,,,,,,,,,,,,,,,,,,,,,,,,
OSPF,362,0,2,0→2,1,9.1125,0,,0.0618,0.1150,0.0000,0→2,9.1125,192.8864,0.0000,0.0000,93,0.0000,0.0000,0.0000,,,,,,,,,,,,,,,,,,,,,,,,,,,,,,,,,,,,,,,,,,,,,,,,,,,,,,,,,,,,,,,
OSPF,363,6,2,6→2,1,8.3623,0,,0.0749,0.1526,0.0000,6→2,8.3623,22.4769,0.0000,0.0000,75,0.0000,0.0000,0.0000,,,,,,,,,,,,,,,,,,,,,,,,,,,,,,,,,,,,,,,,,,,,,,,,,,,,,,,,,,,,,,,
OSPF,364,1,0,1→0,1,5.1845,0,,0.0646,0.1562,0.0000,1→0,5.1845,98.8306,0.0000,0.0000,54,0.0000,0.0000,0.0000,,,,,,,,,,,,,,,,,,,,,,,,,,,,,,,,,,,,,,,,,,,,,,,,,,,,,,,,,,,,,,,
OSPF,365,3,6,3→4→6,2,12.5365,0,,0.0279,0.0617,0.0000,3→4,5.5199,114.1910,0.0000,0.0000,55,0.0000,0.0000,0.0000,4→6,7.0166,170.3090,0.0000,0.0000,25,0.0000,0.0000,0.0000,,,,,,,,,,,,,,,,,,,,,,,,,,,,,,,,,,,,,,,,,,,,,,,,,,,,,,
OSPF,366,7,1,7→6→2→1,3,11.1158,1,,0.0391,0.0580,48.6126,7→6,2.5540,149.0410,0.0000,0.0000,54,0.0000,0.0000,0.0000,6→2,4.6942,76.9851,0.0000,0.0000,20,0.0000,0.0000,48.6126,2→1,3.8676,158.7320,0.0000,0.0000,69,0.0000,0.0000,0.0000,,,,,,,,,,,,,,,,,,,,,,,,,,,,,,,,,,,,,,,,,,,,,
OSPF,367,4,1,4→1,1,4.9935,0,,0.0571,0.1379,0.0000,4→1,4.9935,173.2387,0.0000,0.0000,83,0.0000,0.0000,0.0000,,,,,,,,,,,,,,,,,,,,,,,,,,,,,,,,,,,,,,,,,,,,,,,,,,,,,,,,,,,,,,,
OSPF,368,7,6,7→6,1,1.7235,0,,0.0621,0.1622,0.0000,7→6,1.7235,31.5127,0.0000,0.0000,53,0.0000,0.0000,0.0000,,,,,,,,,,,,,,,,,,,,,,,,,,,,,,,,,,,,,,,,,,,,,,,,,,,,,,,,,,,,,,,
OSPF,369,2,4,2→4,1,9.0684,0,,0.0661,0.1384,0.0000,2→4,9.0684,190.9224,0.0000,0.0000,78,0.0000,0.0000,0.0000,,,,,,,,,,,,,,,,,,,,,,,,,,,,,,,,,,,,,,,,,,,,,,,,,,,,,,,,,,,,,,,
OSPF,370,5,1,5→4→1,2,9.3312,0,,0.0672,0.1723,0.0000,5→4,4.5191,61.0118,0.0000,0.0000,47,0.0000,0.0000,0.0000,4→1,4.8120,168.2284,0.0000,0.0000,93,0.0000,0.0000,0.0000,,,,,,,,,,,,,,,,,,,,,,,,,,,,,,,,,,,,,,,,,,,,,,,,,,,,,,
OSPF,371,0,4,0→2→4,2,5.9884,0,,0.0452,0.0562,0.0000,0→2,1.7809,76.1751,0.0000,0.0000,81,0.0000,0.0000,0.0000,2→4,4.2075,101.5562,0.0000,0.0000,37,0.0000,0.0000,0.0000,,,,,,,,,,,,,,,,,,,,,,,,,,,,,,,,,,,,,,,,,,,,,,,,,,,,,,
OSPF,372,1,4,1→4,1,4.0200,0,,0.0716,0.1366,0.0000,1→4,4.0200,159.3981,0.0000,0.0000,88,0.0000,0.0000,0.0000,,,,,,,,,,,,,,,,,,,,,,,,,,,,,,,,,,,,,,,,,,,,,,,,,,,,,,,,,,,,,,,
OSPF,373,5,4,5→3→4,2,7.1490,0,,0.0451,0.0889,0.0000,5→3,5.0007,67.3858,0.0000,0.0000,25,0.0000,0.0000,0.0000,3→4,2.1484,95.9293,0.0000,0.0000,77,0.0000,0.0000,0.0000,,,,,,,,,,,,,,,,,,,,,,,,,,,,,,,,,,,,,,,,,,,,,,,,,,,,,,
OSPF,374,2,3,2→1→3,2,9.3739,0,,0.0512,0.0913,0.0000,2→1,7.5690,127.6147,0.0000,0.0000,40,0.0000,0.0000,0.0000,1→3,1.8049,93.4209,0.0000,0.0000,44,0.0000,0.0000,0.0000,,,,,,,,,,,,,,,,,,,,,,,,,,,,,,,,,,,,,,,,,,,,,,,,,,,,,,
OSPF,375,7,6,7→6,1,6.6213,0,,0.0702,0.1132,0.0000,7→6,6.6213,111.7944,0.0000,0.0000,78,0.0000,0.0000,0.0000,,,,,,,,,,,,,,,,,,,,,,,,,,,,,,,,,,,,,,,,,,,,,,,,,,,,,,,,,,,,,,,
OSPF,376,6,5,6→7→5,2,13.6743,1,,0.0310,0.0793,6.1038,6→7,8.3866,142.5282,0.0000,0.0000,34,0.0000,0.0000,6.1038,7→5,5.2877,57.8527,3.2511,0.0562,67,0.0000,0.0000,0.0000,,,,,,,,,,,,,,,,,,,,,,,,,,,,,,,,,,,,,,,,,,,,,,,,,,,,,,
OSPF,377,6,2,6→2,1,4.6691,0,,0.0526,0.1220,0.0000,6→2,4.6691,36.2887,1.0668,0.0294,40,0.0000,0.0000,0.0000,,,,,,,,,,,,,,,,,,,,,,,,,,,,,,,,,,,,,,,,,,,,,,,,,,,,,,,,,,,,,,,
OSPF,378,3,2,3→4→2,2,3.9532,0,,0.0216,0.0552,0.0000,3→4,2.0281,79.0308,0.0000,0.0000,49,0.0000,0.0000,0.0000,4→2,1.9252,48.5535,0.0000,0.0000,82,0.0000,0.0000,0.0000,,,,,,,,,,,,,,,,,,,,,,,,,,,,,,,,,,,,,,,,,,,,,,,,,,,,,,
OSPF,379,2,3,2→4→1→3,3,9.8676,1,,0.0442,0.0824,11.8566,2→4,2.8946,103.5762,0.0000,0.0000,58,0.0000,0.0000,0.0000,4→1,2.3166,132.0496,0.0000,0.0000,31,0.0000,0.0000,11.8566,1→3,4.6564,29.2306,2.5537,0.0874,64,0.0000,0.0000,0.0000,,,,,,,,,,,,,,,,,,,,,,,,,,,,,,,,,,,,,,,,,,,,,
OSPF,380,1,4,1→4,1,2.0793,0,,0.0542,0.1152,0.0000,1→4,2.0793,145.2830,0.0000,0.0000,63,0.0000,0.0000,0.0000,,,,,,,,,,,,,,,,,,,,,,,,,,,,,,,,,,,,,,,,,,,,,,,,,,,,,,,,,,,,,,,
OSPF,381,2,7,2→6→7,2,5.5557,1,,0.0382,0.0514,2.4502,2→6,3.3508,104.8837,0.0000,0.0000,35,0.0000,0.0000,2.4502,6→7,2.2049,197.3948,0.0000,0.0000,66,0.0000,0.0000,0.0000,,,,,,,,,,,,,,,,,,,,,,,,,,,,,,,,,,,,,,,,,,,,,,,,,,,,,,
OSPF,382,6,3,6→7→5→3,3,8.8161,1,,0.0367,0.0559,20.7018,6→7,4.3201,87.1052,0.0000,0.0000,58,0.0000,0.0000,0.0000,7→5,3.2459,143.6134,0.0000,0.0000,26,0.0000,0.0000,0.0000,5→3,1.2501,35.3122,0.1026,0.0029,28,0.0000,0.0000,20.7018,,,,,,,,,,,,,,,,,,,,,,,,,,,,,,,,,,,,,,,,,,,,,
OSPF,383,3,6,3→4→6,2,13.4823,0,,0.0520,0.0823,0.0000,3→4,8.6262,39.2128,0.0000,0.0000,37,0.0000,0.0000,0.0000,4→6,4.8561,32.3007,0.0000,0.0000,29,0.0000,0.0000,0.0000,,,,,,,,,,,,,,,,,,,,,,,,,,,,,,,,,,,,,,,,,,,,,,,,,,,,,,
OSPF,384,7,6,7→6,1,3.4809,0,,0.0418,0.1182,0.0000,7→6,3.4809,65.8944,0.0000,0.0000,37,0.0000,0.0000,0.0000,,,,,,,,,,,,,,,,,,,,,,,,,,,,,,,,,,,,,,,,,,,,,,,,,,,,,,,,,,,,,,,
OSPF,385,7,2,7→6→4→2,3,14.7435,0,,0.0396,0.0933,0.0000,7→6,9.5492,29.8360,0.0000,0.0000,42,0.0000,0.0000,0.0000,6→4,1.8432,134.2707,0.0000,0.0000,44,0.0000,0.0000,0.0000,4→2,3.3511,174.8518,0.0000,0.0000,21,0.0000,0.0000,0.0000,,,,,,,,,,,,,,,,,,,,,,,,,,,,,,,,,,,,,,,,,,,,,
OSPF,386,6,5,6→4→5,2,5.9086,0,,0.0479,0.1056,0.0000,6→4,1.0748,174.3408,0.0000,0.0000,76,0.0000,0.0000,0.0000,4→5,4.8338,125.8893,0.0000,0.0000,87,0.0000,0.0000,0.0000,,,,,,,,,,,,,,,,,,,,,,,,,,,,,,,,,,,,,,,,,,,,,,,,,,,,,,
OSPF,387,1,0,1→0,1,7.2307,0,,0.0296,0.0448,0.0000,1→0,7.2307,29.0700,1.3183,0.0453,88,0.0000,0.0000,0.0000,,,,,,,,,,,,,,,,,,,,,,,,,,,,,,,,,,,,,,,,,,,,,,,,,,,,,,,,,,,,,,,
OSPF,388,5,2,5→4→2,2,8.2885,0,,0.0505,0.1109,0.0000,5→4,4.0987,107.8006,0.0000,0.0000,55,0.0000,0.0000,0.0000,4→2,4.1898,25.9279,0.0000,0.0000,28,0.0000,0.0000,0.0000,,,,,,,,,,,,,,,,,,,,,,,,,,,,,,,,,,,,,,,,,,,,,,,,,,,,,,
OSPF,389,1,5,1→3→5,2,7.5691,0,,0.0396,0.0719,0.0000,1→3,6.2943,22.6602,0.0000,0.0000,69,0.0000,0.0000,0.0000,3→5,1.2747,143.3701,0.0000,0.0000,78,0.0000,0.0000,0.0000,,,,,,,,,,,,,,,,,,,,,,,,,,,,,,,,,,,,,,,,,,,,,,,,,,,,,,
OSPF,390,0,3,0→2→4→3,3,7.5662,0,,0.0579,0.1085,0.0000,0→2,4.1622,166.3592,0.0000,0.0000,67,0.0000,0.0000,0.0000,2→4,2.1627,140.7794,0.0000,0.0000,81,0.0000,0.0000,0.0000,4→3,1.2413,83.3993,0.0000,0.0000,69,0.0000,0.0000,0.0000,,,,,,,,,,,,,,,,,,,,,,,,,,,,,,,,,,,,,,,,,,,,,
OSPF,391,7,6,7→6,1,1.7864,0,,0.0689,0.1130,0.0000,7→6,1.7864,94.1514,0.0000,0.0000,75,0.0000,0.0000,0.0000,,,,,,,,,,,,,,,,,,,,,,,,,,,,,,,,,,,,,,,,,,,,,,,,,,,,,,,,,,,,,,,
OSPF,392,6,5,6→7→5,2,10.7155,0,,0.0256,0.0532,0.0000,6→7,5.6352,171.1352,0.0000,0.0000,45,0.0000,0.0000,0.0000,7→5,5.0803,131.6672,0.0000,0.0000,79,0.0000,0.0000,0.0000,,,,,,,,,,,,,,,,,,,,,,,,,,,,,,,,,,,,,,,,,,,,,,,,,,,,,,
OSPF,393,4,5,4→5,1,3.3644,1,,0.0712,0.1203,4.4360,4→5,3.3644,175.1656,0.0000,0.0000,34,0.0000,0.0000,4.4360,,,,,,,,,,,,,,,,,,,,,,,,,,,,,,,,,,,,,,,,,,,,,,,,,,,,,,,,,,,,,,,
OSPF,394,2,1,2→4→1,2,6.6416,1,,0.0321,0.0406,0.8461,2→4,3.8625,145.9108,0.0000,0.0000,41,0.0000,0.0000,0.8461,4→1,2.7790,87.1595,0.0000,0.0000,77,0.0000,0.0000,0.0000,,,,,,,,,,,,,,,,,,,,,,,,,,,,,,,,,,,,,,,,,,,,,,,,,,,,,,
OSPF,395,0,1,0→1,1,6.3215,0,,0.0396,0.0685,0.0000,0→1,6.3215,54.5518,0.0000,0.0000,89,0.0000,0.0000,0.0000,,,,,,,,,,,,,,,,,,,,,,,,,,,,,,,,,,,,,,,,,,,,,,,,,,,,,,,,,,,,,,,
OSPF,396,1,0,1→0,1,5.0155,0,,0.0364,0.0967,0.0000,1→0,5.0155,177.9589,0.0000,0.0000,71,0.0000,0.0000,0.0000,,,,,,,,,,,,,,,,,,,,,,,,,,,,,,,,,,,,,,,,,,,,,,,,,,,,,,,,,,,,,,,
OSPF,397,7,4,7→5→4,2,5.0742,0,,0.0255,0.0434,0.0000,7→5,3.6816,121.1703,0.0000,0.0000,80,0.0000,0.0000,0.0000,5→4,1.3926,35.8300,0.0000,0.0000,44,0.0000,0.0000,0.0000,,,,,,,,,,,,,,,,,,,,,,,,,,,,,,,,,,,,,,,,,,,,,,,,,,,,,,
OSPF,398,5,0,5→4→1→0,3,11.6592,0,,0.0214,0.0291,0.0000,5→4,1.0488,74.4689,0.0000,0.0000,97,0.0000,0.0000,0.0000,4→1,8.1157,24.5320,0.0000,0.0000,32,0.0000,0.0000,0.0000,1→0,2.4948,150.5626,0.0000,0.0000,57,0.0000,0.0000,0.0000,,,,,,,,,,,,,,,,,,,,,,,,,,,,,,,,,,,,,,,,,,,,,
OSPF,399,2,1,2→1,1,3.8394,0,,0.0620,0.1573,0.0000,2→1,3.8394,104.9631,0.0000,0.0000,62,0.0000,0.0000,0.0000,,,,,,,,,,,,,,,,,,,,,,,,,,,,,,,,,,,,,,,,,,,,,,,,,,,,,,,,,,,,,,,
OSPF,400,4,1,4→1,1,6.4581,0,,0.0808,0.1597,0.0000,4→1,6.4581,154.8154,0.0000,0.0000,82,0.0000,0.0000,0.0000,,,,,,,,,,,,,,,,,,,,,,,,,,,,,,,,,,,,,,,,,,,,,,,,,,,,,,,,,,,,,,,
